{
    "SiteUrl": "https://time.123in.link,https://pan1.me,https://123.panbox.my",
    "Classes": [
        {
            "type_name": "电影",
            "type_id": "2"
        },
        {
            "type_name": "剧集",
            "type_id": "48"
        },
        {
            "type_name": "4K原盘",
            "type_id": "56"
        },
        {
            "type_name": "综艺",
            "type_id": "52"
        },
        {
            "type_name": "动漫",
            "type_id": "37"
        }
    ],
    "Cookie": "bbs_sid=icpt77h5mtmufabqk8r0jl6ib2"
}