{
    "spider": "http://127.0.0.1:9978/file/TVBoxOSC/本地仓/spider.jar",
    "wallpaper": "http://bobohome.ignorelist.com:20247/bing",
    "logo": "http://127.0.0.1:9978/file/TVBox/logo.png",
    "sites": [
        {
            "key": "豆瓣",
            "name": "云盘｜首页",
            "type": 3,
            "api": "csp_Douban",
            "searchable": 0
        },
        {
            "key": "配置中心",
            "name": "配置｜中心",
            "type": 3,
            "api": "csp_Config",
            "searchable": 0,
            "changeable": 0,
            "indexs": 0,
            "style": {
                "type": "rect",
                "ratio": 1.597
            }
        },
        {
            "key": "AList",
            "name": "AList｜合集",
            "type": 3,
            "api": "csp_Alist",
            "searchable": 1,
            "filterable": 1,
            "changeable": 0,
            "style": {
                "type": "list"
            },
            "ext": "./json/alist.json"
        },
        {
            "key": "阿里云盘",
            "name": "阿里｜云盘",
            "type": 3,
            "api": "csp_PanAli",
            "searchable": 0,
            "filterable": 0,
            "changeable": 0,
            "style": {
                "type": "list",
                "ratio": 1.433
            },
            "ext": "./json/aliShare.json"
        },
        {
            "key": "夸克云盘",
            "name": "夸克｜云盘",
            "type": 3,
            "api": "csp_PanQuark",
            "searchable": 0,
            "filterable": 0,
            "changeable": 0,
            "style": {
                "type": "list",
                "ratio": 1.433
            },
            "ext": "./json/quarkShare.json"
        },
        {
            "key": "UC",
            "name": "UC｜云盘",
            "type": 3,
            "api": "csp_PanUc",
            "searchable": 0,
            "filterable": 0,
            "changeable": 0,
            "style": {
                "type": "list",
                "ratio": 1.433
            },
            "ext": "./json/ucShare.json"
        },
        {
            "key": "百度云盘",
            "name": "百度｜云盘",
            "type": 3,
            "api": "csp_PanBaiDu",
            "searchable": 0,
            "filterable": 0,
            "changeable": 0,
            "style": {
                "type": "list",
                "ratio": 1.433
            }
        },
        {
            "key": "短剧合集",
            "name": "短剧｜合集",
            "type": 3,
            "api": "./js/cloud.min.js",
            "ext": "./js/短剧合集.js",
            "style": {
                "type": "list"
            }
        },
        {
            "key": "短剧大全",
            "name": "短剧｜大全",
            "type": 3,
            "api": "./js/cloud.min.js",
            "ext": "./js/短剧大全.js",
            "style": {
                "type": "list"
            }
        },
        {
            "key": "玩偶哥哥",
            "name": "玩偶｜4K弹幕",
            "type": 3,
            "api": "csp_PanWebShare",
            "searchable": 1,
            "quickSearch": 1,
            "filterable": 1,
            "ext": "./json/wogg.json"
        },
        {
            "key": "木偶",
            "name": "木偶｜4K弹幕",
            "type": 3,
            "api": "csp_PanWebShare",
            "searchable": 1,
            "quickSearch": 1,
            "filterable": 1,
            "ext": "./json/mogg.json"
        },
        {
            "key": "蜡笔",
            "name": "蜡笔｜4K弹幕",
            "type": 3,
            "api": "csp_PanWebShare",
            "searchable": 1,
            "quickSearch": 1,
            "filterable": 1,
            "changeable": 1,
            "ext": "./json/lb.json"
        },
        {
            "key": "至臻",
            "name": "至臻｜4K弹幕",
            "type": 3,
            "api": "csp_PanWebShare",
            "searchable": 1,
            "quickSearch": 1,
            "filterable": 1,
            "changeable": 1,
            "ext": "./json/zz.json"
        },
        {
            "key": "多多",
            "name": "多多｜4K弹幕",
            "type": 3,
            "api": "csp_PanWebShare",
            "searchable": 1,
            "quickSearch": 1,
            "filterable": 1,
            "changeable": 1,
            "ext": "./json/yyds.json"
        },
        {
            "key": "欧哥",
            "name": "欧哥｜4K弹幕",
            "type": 3,
            "api": "csp_PanWebShare",
            "searchable": 1,
            "quickSearch": 1,
            "filterable": 1,
            "changeable": 1,
            "ext": "./json/og.json"
        },
        {
            "key": "二小",
            "name": "二小｜4K弹幕",
            "type": 3,
            "api": "csp_PanWebShare",
            "searchable": 1,
            "quickSearch": 1,
            "filterable": 1,
            "changeable": 1,
            "ext": "./json/ex.json"
        },
        {
            "key": "大玩",
            "name": "大玩｜4K弹幕",
            "type": 3,
            "api": "csp_PanWebShare",
            "searchable": 1,
            "quickSearch": 1,
            "filterable": 1,
            "changeable": 1,
            "ext": "./json/dawo.json"
        },
        {
            "key": "虎斑",
            "name": "虎斑｜4K弹幕",
            "type": 3,
            "api": "csp_PanWebShare",
            "searchable": 1,
            "quickSearch": 1,
            "filterable": 1,
            "changeable": 1,
            "ext": "./json/hb.json"
        },
        {
            "key": "闪电",
            "name": "闪电｜4K弹幕",
            "type": 3,
            "api": "csp_PanWebShare",
            "searchable": 1,
            "quickSearch": 1,
            "filterable": 1,
            "changeable": 1,
            "ext": "./json/sd.json"
        },
        {
            "key": "奥秘",
            "name": "奥秘｜4K弹幕",
            "type": 3,
            "api": "csp_PanWebShare",
            "searchable": 1,
            "quickSearch": 1,
            "filterable": 1,
            "changeable": 1,
            "ext": "./json/am.json"
        },
        {
            "key": "团长",
            "name": "团长｜4K弹幕",
            "type": 3,
            "api": "csp_PanWebTz",
            "searchable": 1,
            "quickSearch": 1,
            "filterable": 1,
            "changeable": 1
        },
        {
            "key": "雷鲸",
            "name": "雷鲸｜4K弹幕",
            "type": 3,
            "api": "csp_PanWebShareCloudLJ",
            "searchable": 1,
            "quickSearch": 1,
            "filterable": 1,
            "changeable": 1,
            "style": {
                "type": "list",
                "ratio": 1.433
            },
            "ext": "./json/lj.json"
        },
        {
            "key": "海绵",
            "name": "海绵｜4K弹幕",
            "type": 3,
            "api": "csp_PanWebShareCloudHM",
            "searchable": 1,
            "quickSearch": 1,
            "filterable": 1,
            "changeable": 1,
            "style": {
                "type": "list",
                "ratio": 1.433
            },
            "ext": "./json/hm.json"
        },
        {
            "key": "夸父",
            "name": "夸父｜4K弹幕",
            "type": 3,
            "api": "csp_PanWebShareCloudKF",
            "searchable": 1,
            "quickSearch": 1,
            "filterable": 1,
            "changeable": 1,
            "style": {
                "type": "list",
                "ratio": 1.433
            },
            "ext": "./json/kf.json"
        },
        {
            "key": "趣盘",
            "name": "趣盘｜4K弹幕",
            "type": 3,
            "api": "csp_PanWebQu",
            "searchable": 1,
            "quickSearch": 1,
            "filterable": 1,
            "changeable": 1,
            "style": {
                "type": "list",
                "ratio": 1.433
            },
            "ext": {
                "url": "https://www.qupanshe.com"
            }
        },
        {
            "key": "盘库",
            "name": "盘库｜4K弹幕",
            "type": 3,
            "api": "csp_PanWebKuBa",
            "searchable": 1,
            "quickSearch": 1,
            "filterable": 1,
            "changeable": 1,
            "ext": {
                "url": "https://panku8.com,https://yipanso.com"
            }
        },
        {
            "key": "双星",
            "name": "双星｜4K弹幕",
            "type": 3,
            "api": "./js/cloud.min.js",
            "ext": "./js/双星.js",
            "style": {
                "type": "list"
            }
        },
        {
            "key": "懒盘",
            "name": "懒盘｜4K弹幕",
            "type": 3,
            "api": "./js/cloud.min.js",
            "ext": "./js/懒盘.js",
            "style": {
                "type": "list"
            }
        },
        {
            "key": "百酷",
            "name": "百酷｜4K弹幕",
            "type": 3,
            "api": "./js/cloud.min.js",
            "ext": "./js/百酷.js",
            "style": {
                "type": "list"
            }
        },
        {
            "key": "校长",
            "name": "校长｜4K弹幕",
            "type": 3,
            "api": "./js/cloud.min.js",
            "ext": "./js/校长.js",
            "style": {
                "type": "list"
            }
        },
        {
            "key": "天堂",
            "name": "天堂｜4K弹幕",
            "type": 3,
            "api": "./js/cloud.min.js",
            "ext": "./js/天堂.js",
            "style": {
                "type": "list"
            }
        },
        {
            "key": "人人电影网",
            "name": "人人｜4K弹幕",
            "type": 3,
            "api": "./js/cloud.min.js",
            "ext": "./js/人人电影网.js",
            "style": {
                "type": "list"
            }
        },
        {
            "key": "爱搜",
            "name": "爱搜｜4K弹幕",
            "type": 3,
            "api": "./js/cloud.min.js",
            "ext": "./js/爱搜.js",
            "style": {
                "type": "list"
            }
        },
        {
            "key": "移动",
            "name": "移动｜4K",
            "type": 3,
            "api": "csp_YD",
            "searchable": 1,
            "quickSearch": 1,
            "style": {
                "type": "list"
            }
        },
        {
            "key": "糖果",
            "name": "糖果｜搜索",
            "type": 3,
            "api": "csp_TGSou",
            "searchable": 1,
            "changeable": 0
        },
        {
            "key": "聚搜",
            "name": "聚搜｜搜索",
            "type": 3,
            "api": "csp_PanWebSearch",
            "searchable": 1,
            "quickSearch": 1,
            "filterable": 1,
            "changeable": 1
        },
        {
            "key": "米搜",
            "name": "米搜｜搜索",
            "type": 3,
            "api": "./js/cloud.min.js",
            "ext": "./js/米搜.js",
            "style": {
                "type": "list"
            }
        },
        {
            "key": "人人分享站",
            "name": "人人｜搜索",
            "type": 3,
            "api": "./js/cloud.min.js",
            "ext": "./js/人人分享站.js",
            "style": {
                "type": "list"
            }
        },
        {
            "key": "全盘",
            "name": "全盘｜搜索",
            "type": 3,
            "api": "./js/cloud.min.js",
            "ext": "./js/全盘.js",
            "style": {
                "type": "list"
            }
        },
        {
            "key": "夸克盘搜",
            "name": "盘搜｜搜索",
            "type": 3,
            "api": "./js/cloud.min.js",
            "ext": "./js/夸克盘搜.js",
            "style": {
                "type": "list"
            }
        },
        {
            "key": "版本信息",
            "name": "版本｜信息",
            "type": 3,
            "api": "csp_Market",
            "searchable": 0,
            "changeable": 0,
            "indexs": 0,
            "ext": "https://9877.kstore.space/Market/multi.json"
        },
        {
            "key": "push_agent",
            "name": "手机｜推送",
            "type": 3,
            "api": "csp_Push",
            "searchable": 0,
            "filterable": 0,
            "changeable": 0
        }
    ],
    "doh": [
        {
            "name": "Google",
            "url": "https://dns.google/dns-query",
            "ips": [
                "8.8.4.4",
                "8.8.8.8"
            ]
        },
        {
            "name": "Cloudflare",
            "url": "https://cloudflare-dns.com/dns-query",
            "ips": [
                "1.1.1.1",
                "1.0.0.1",
                "2606:4700:4700::1111",
                "2606:4700:4700::1001"
            ]
        },
        {
            "name": "AdGuard",
            "url": "https://dns.adguard.com/dns-query",
            "ips": [
                "94.140.14.140",
                "94.140.14.141"
            ]
        },
        {
            "name": "DNSWatch",
            "url": "https://resolver2.dns.watch/dns-query",
            "ips": [
                "84.200.69.80",
                "84.200.70.40"
            ]
        },
        {
            "name": "Quad9",
            "url": "https://dns.quad9.net/dns-quer",
            "ips": [
                "9.9.9.9",
                "149.112.112.112"
            ]
        }
    ],
    "lives": [
        {
            "name": "AI直播",
            "type": 0,
            "url": "https://github.3x25.com/https://raw.githubusercontent.com/PizazzGY/TV/master/output/user_result.txt",
            "epg": "http://cdn.1678520.xyz/epg/?ch={name}&date={date}",
            "playerType": 1,
            "timeout": 10
        },
        {
            "name": "Guovin",
            "type": 0,
            "url": "https://gitee.com/mytv-android/iptv-api/raw/master/output/result.m3u",
            "epg": "http://cdn.1678520.xyz/epg/?ch={name}&date={date}",
            "timeout": 10
        },
        {
            "name": "虎牙一起看",
            "type": 3,
            "api": "csp_Feiyang",
            "url": "https://yun.urldwz.com/f/BE9PSL/huyayqk.m3u",
            "timeout": 10,
            "ua": "okhttp/3.15"
        },
        {
            "name": "斗鱼一起看",
            "type": 3,
            "api": "csp_Feiyang",
            "url": "https://yun.urldwz.com/f/NR9qiA/douyuyqk.m3u",
            "timeout": 10,
            "ua": "okhttp/3.15"
        },
        {
            "name": "YY轮播",
            "type": 3,
            "api": "csp_Feiyang",
            "url": "https://yun.urldwz.com/f/dlkycZ/yylunbo.m3u",
            "timeout": 10,
            "ua": "okhttp/3.15"
        },
        {
            "name": "B站直播",
            "type": 3,
            "api": "csp_Feiyang",
            "url": "https://yun.urldwz.com/f/9XBkHK/bilibili.m3u",
            "timeout": 10,
            "ua": "okhttp/3.15"
        },
        {
            "name": "电视Live",
            "type": 0,
            "url": "https://tv.iill.top/m3u/Gather",
            "playerType": 2,
            "timeout": 10
        },
        {
            "name": "网络Live",
            "type": 0,
            "url": "https://tv.iill.top/m3u/Live",
            "playerType": 2,
            "timeout": 10
        },
        {
            "name": "范明明",
            "type": 0,
            "url": "https://live.fanmingming.cn/tv/m3u/ipv6.m3u",
            "timeout": 10
        },
        {
            "name": "APTV",
            "type": 0,
            "url": "https://github.3x25.com/https://github.com/Kimentanm/aptv/raw/master/m3u/iptv.m3u",
            "epg": "http://epg.51zmt.top:8000/api/diyp/?ch={name}&date={date}",
            "logo": "https://epg.iill.top/logo/{name}.png",
            "ua": "okhttp/3.15,AptvPlayer/1.4.0",
            "timeout": 10
        }
    ],
    "hosts": [
        "cache.ott.*.itv.cmvideo.cn=base-v4-free-mghy.e.cdn.chinamobile.com",
        "cache.ott.ystenlive.itv.cmvideo.cn=base-v4-free-mghy.e.cdn.chinamobile.com",
        "cache.ott.bestlive.itv.cmvideo.cn=base-v4-free-mghy.e.cdn.chinamobile.com",
        "cache.ott.wasulive.itv.cmvideo.cn=base-v4-free-mghy.e.cdn.chinamobile.com",
        "cache.ott.fifalive.itv.cmvideo.cn=base-v4-free-mghy.e.cdn.chinamobile.com",
        "cache.ott.hnbblive.itv.cmvideo.cn=base-v4-free-mghy.e.cdn.chinamobile.com"
    ],
    "ijk": [
        {
            "group": "软解码",
            "options": [
                {
                    "category": 4,
                    "name": "opensles",
                    "value": "0"
                },
                {
                    "category": 4,
                    "name": "overlay-format",
                    "value": "842225234"
                },
                {
                    "category": 4,
                    "name": "framedrop",
                    "value": "1"
                },
                {
                    "category": 4,
                    "name": "soundtouch",
                    "value": "1"
                },
                {
                    "category": 4,
                    "name": "start-on-prepared",
                    "value": "1"
                },
                {
                    "category": 1,
                    "name": "http-detect-range-support",
                    "value": "0"
                },
                {
                    "category": 1,
                    "name": "fflags",
                    "value": "fastseek"
                },
                {
                    "category": 2,
                    "name": "skip_loop_filter",
                    "value": "48"
                },
                {
                    "category": 4,
                    "name": "reconnect",
                    "value": "1"
                },
                {
                    "category": 4,
                    "name": "enable-accurate-seek",
                    "value": "0"
                },
                {
                    "category": 4,
                    "name": "mediacodec",
                    "value": "0"
                },
                {
                    "category": 4,
                    "name": "mediacodec-auto-rotate",
                    "value": "0"
                },
                {
                    "category": 4,
                    "name": "mediacodec-handle-resolution-change",
                    "value": "0"
                },
                {
                    "category": 4,
                    "name": "mediacodec-hevc",
                    "value": "0"
                },
                {
                    "category": 1,
                    "name": "dns_cache_timeout",
                    "value": "600000000"
                }
            ]
        },
        {
            "group": "硬解码",
            "options": [
                {
                    "category": 4,
                    "name": "opensles",
                    "value": "0"
                },
                {
                    "category": 4,
                    "name": "overlay-format",
                    "value": "842225234"
                },
                {
                    "category": 4,
                    "name": "framedrop",
                    "value": "1"
                },
                {
                    "category": 4,
                    "name": "soundtouch",
                    "value": "1"
                },
                {
                    "category": 4,
                    "name": "start-on-prepared",
                    "value": "1"
                },
                {
                    "category": 1,
                    "name": "http-detect-range-support",
                    "value": "0"
                },
                {
                    "category": 1,
                    "name": "fflags",
                    "value": "fastseek"
                },
                {
                    "category": 2,
                    "name": "skip_loop_filter",
                    "value": "48"
                },
                {
                    "category": 4,
                    "name": "reconnect",
                    "value": "1"
                },
                {
                    "category": 4,
                    "name": "enable-accurate-seek",
                    "value": "0"
                },
                {
                    "category": 4,
                    "name": "mediacodec",
                    "value": "1"
                },
                {
                    "category": 4,
                    "name": "mediacodec-auto-rotate",
                    "value": "1"
                },
                {
                    "category": 4,
                    "name": "mediacodec-handle-resolution-change",
                    "value": "1"
                },
                {
                    "category": 4,
                    "name": "mediacodec-hevc",
                    "value": "1"
                },
                {
                    "category": 1,
                    "name": "dns_cache_timeout",
                    "value": "600000000"
                }
            ]
        }
    ]
}