{
    "spider": "http://127.0.0.1:9978/file/TVBoxOSC/本地仓/spider.jar",
    "wallpaper": "http://bobohome.ignorelist.com:20247/bing",
    "logo": "http://127.0.0.1:9978/file/TVBox/logo.png",
    "sites": [
        {
            "key": "豆瓣",
            "name": "云盘｜首页",
            "type": 3,
            "api": "csp_Douban",
            "searchable": 0
        },
        {
            "key": "配置中心",
            "name": "配置｜中心",
            "type": 3,
            "api": "csp_Config",
            "searchable": 0,
            "changeable": 0,
            "indexs": 0,
            "style": {
                "type": "rect",
                "ratio": 1.597
            }
        },
        {
            "key": "影视配置",
            "name": "影视｜配置",
            "type": 3,
            "api": "csp_Wexconfig",
            "searchable": 0,
            "changeable": 0,
            "indexs": 0,
            "style": {
                "type": "rect",
                "ratio": 1.597
            },
            "jar": "http://127.0.0.1:9978/file/TVBoxOSC/本地仓/wex.jar"
        },
        {
            "key": "我的阿里",
            "name": "我的｜阿里",
            "type": 3,
            "api": "csp_MyAli",
            "searchable": 0,
            "quickSearch": 0,
            "filterable": 0,
            "indexs": 0,
            "ext": {
                "token": "http://127.0.0.1:9978/file/TVBox/token.txt"
            },
            "style": {
                "type": "list"
            }
        },
        {
            "key": "我的夸克",
            "name": "我的｜夸克",
            "type": 3,
            "api": "csp_MyQuark",
            "searchable": 0,
            "quickSearch": 0,
            "filterable": 0,
            "indexs": 0,
            "ext": {
                "cookie": "http://127.0.0.1:9978/file/TVBox/quark.txt"
            },
            "style": {
                "type": "list"
            }
        },
        {
            "key": "我的UC",
            "name": "我的｜UC",
            "type": 3,
            "api": "csp_MyUc",
            "searchable": 0,
            "quickSearch": 0,
            "filterable": 0,
            "indexs": 0,
            "ext": {
                "uc_cookie": "http://127.0.0.1:9978/file/TVBox/uc.txt"
            },
            "style": {
                "type": "list"
            }
        },
        {
            "key": "阿里合集",
            "name": "阿里｜合集",
            "type": 3,
            "api": "csp_AliShare",
            "searchable": 1,
            "changeable": 0,
            "filterable": 0,
            "indexs": 0,
            "ext": {
                "token": "http://127.0.0.1:9978/file/TVBox/token.txt",
                "share": "./js/alishare.txt"
            },
            "style": {
                "type": "list"
            }
        },
        {
            "key": "短剧合集",
            "name": "短剧｜合集",
            "type": 3,
            "api": "./js/quark.min.js",
            "ext": "./js/短剧合集.js",
            "style": {
                "type": "list"
            }
        },
        {
            "key": "AList",
            "name": "AList｜合集",
            "type": 3,
            "api": "csp_AList",
            "searchable": 1,
            "filterable": 1,
            "changeable": 0,
            "style": {
                "type": "list"
            },
            "ext": "./json/alist.json"
        },
        {
            "key": "玩偶弹幕",
            "name": "玩偶｜4K弹幕",
            "type": 3,
            "api": "csp_Wogg",
            "searchable": 1,
            "quickSearch": 1,
            "filterable": 1,
            "ext": {
                "token": "http://127.0.0.1:9978/file/TVBox/token.txt",
                "cookie": "http://127.0.0.1:9978/file/TVBox/quark.txt",
                "uc_cookie": "http://127.0.0.1:9978/file/TVBox/uc.txt",
                "wogg": true,
                "danmu": true
            }
        },
        {
            "key": "夸克欧歌弹幕",
            "name": "欧哥｜4K弹幕",
            "type": 3,
            "api": "csp_Wobg",
            "searchable": 1,
            "quickSearch": 1,
            "filterable": 1,
            "changeable": 1,
            "ext": {
                "token": "http://127.0.0.1:9978/file/TVBox/token.txt",
                "cookie": "http://127.0.0.1:9978/file/TVBox/quark.txt",
                "uc_cookie": "http://127.0.0.1:9978/file/TVBox/uc.txt",
                "site": "https://ouge.banye.tech:7086",
                "danmu": true
            }
        },
        {
            "key": "夸克小米弹幕",
            "name": "小米｜4K弹幕",
            "type": 3,
            "api": "csp_Wobg",
            "quickSearch": 1,
            "changeable": 1,
            "filterable": 1,
            "ext": {
                "token": "http://127.0.0.1:9978/file/TVBox/token.txt",
                "cookie": "http://127.0.0.1:9978/file/TVBox/quark.txt",
                "uc_cookie": "http://127.0.0.1:9978/file/TVBox/uc.txt",
                "site": "https://xiaomi.banye.tech:7086",
                "danmu": true
            }
        },
        {
            "key": "夸克多多弹幕",
            "name": "多多｜4K弹幕",
            "type": 3,
            "api": "csp_Wobg",
            "quickSearch": 1,
            "changeable": 1,
            "filterable": 1,
            "ext": {
                "token": "http://127.0.0.1:9978/file/TVBox/token.txt",
                "cookie": "http://127.0.0.1:9978/file/TVBox/quark.txt",
                "uc_cookie": "http://127.0.0.1:9978/file/TVBox/uc.txt",
                "site": "https://duoduo.banye.tech:7086",
                "danmu": true
            }
        },
        {
            "key": "夸克蜡笔弹幕",
            "name": "蜡笔｜4K弹幕",
            "type": 3,
            "api": "csp_Wobg",
            "quickSearch": 1,
            "changeable": 1,
            "filterable": 1,
            "ext": {
                "token": "http://127.0.0.1:9978/file/TVBox/token.txt",
                "cookie": "http://127.0.0.1:9978/file/TVBox/quark.txt",
                "uc_cookie": "http://127.0.0.1:9978/file/TVBox/uc.txt",
                "site": "https://labi.banye.tech:7086",
                "danmu": true
            }
        },
        {
            "key": "夸克至臻弹幕",
            "name": "至臻｜4K弹幕",
            "type": 3,
            "api": "csp_Wobg",
            "quickSearch": 1,
            "changeable": 1,
            "filterable": 1,
            "ext": {
                "token": "http://127.0.0.1:9978/file/TVBox/token.txt",
                "cookie": "http://127.0.0.1:9978/file/TVBox/quark.txt",
                "uc_cookie": "http://127.0.0.1:9978/file/TVBox/uc.txt",
                "site": "https://zhizhen.banye.tech:7086",
                "danmu": true
            }
        },
        {
            "key": "夸克木偶弹幕",
            "name": "木偶｜4K弹幕",
            "type": 3,
            "api": "csp_Wobg",
            "quickSearch": 1,
            "changeable": 1,
            "filterable": 1,
            "ext": {
                "token": "http://127.0.0.1:9978/file/TVBox/token.txt",
                "cookie": "http://127.0.0.1:9978/file/TVBox/quark.txt",
                "uc_cookie": "http://127.0.0.1:9978/file/TVBox/uc.txt",
                "site": "https://mogg.banye.tech:7086",
                "danmu": true
            }
        },
        {
            "key": "夸克六趣弹幕",
            "name": "六趣｜4K弹幕",
            "type": 3,
            "api": "csp_Wobg",
            "searchable": 1,
            "quickSearch": 1,
            "filterable": 1,
            "changeable": 1,
            "ext": {
                "token": "http://127.0.0.1:9978/file/TVBox/token.txt",
                "cookie": "http://127.0.0.1:9978/file/TVBox/quark.txt",
                "uc_cookie": "http://127.0.0.1:9978/file/TVBox/uc.txt",
                "site": "https://liuqu.banye.tech:7086",
                "danmu": true
            }
        },
        {
            "key": "夸克下饭弹幕",
            "name": "下饭｜4K弹幕",
            "type": 3,
            "api": "csp_Wobg",
            "quickSearch": 1,
            "changeable": 1,
            "filterable": 1,
            "ext": {
                "token": "http://127.0.0.1:9978/file/TVBox/token.txt",
                "cookie": "http://127.0.0.1:9978/file/TVBox/quark.txt",
                "uc_cookie": "http://127.0.0.1:9978/file/TVBox/uc.txt",
                "site": "https://xiafan.banye.tech:7086",
                "danmu": true
            }
        },
        {
            "key": "夸克二小弹幕",
            "name": "二小｜4K弹幕",
            "type": 3,
            "api": "csp_Wobg",
            "quickSearch": 1,
            "changeable": 1,
            "filterable": 1,
            "ext": {
                "token": "http://127.0.0.1:9978/file/TVBox/token.txt",
                "cookie": "http://127.0.0.1:9978/file/TVBox/quark.txt",
                "uc_cookie": "http://127.0.0.1:9978/file/TVBox/uc.txt",
                "site": "http://2xiaopan.fun",
                "danmu": true
            }
        },
        {
            "key": "夸克百家弹幕",
            "name": "百家｜4K弹幕",
            "type": 3,
            "api": "csp_Wobg",
            "quickSearch": 1,
            "changeable": 1,
            "filterable": 1,
            "ext": {
                "token": "http://127.0.0.1:9978/file/TVBox/token.txt",
                "cookie": "http://127.0.0.1:9978/file/TVBox/quark.txt",
                "uc_cookie": "http://127.0.0.1:9978/file/TVBox/uc.txt",
                "site": "http://cj.jiexi.news",
                "danmu": true
            }
        },
        {
            "key": "夸克叔叔弹幕",
            "name": "叔叔｜4K弹幕",
            "type": 3,
            "api": "csp_Wobg",
            "quickSearch": 1,
            "changeable": 1,
            "filterable": 1,
            "ext": {
                "token": "http://127.0.0.1:9978/file/TVBox/token.txt",
                "cookie": "http://127.0.0.1:9978/file/TVBox/quark.txt",
                "uc_cookie": "http://127.0.0.1:9978/file/TVBox/uc.txt",
                "site": "https://woss.fenwe.eu.org",
                "danmu": true
            }
        },
        {
            "key": "夸克大玩弹幕",
            "name": "大玩｜4K弹幕",
            "type": 3,
            "api": "csp_Wobg",
            "quickSearch": 1,
            "changeable": 1,
            "filterable": 1,
            "ext": {
                "token": "http://127.0.0.1:9978/file/TVBox/token.txt",
                "cookie": "http://127.0.0.1:9978/file/TVBox/quark.txt",
                "uc_cookie": "http://127.0.0.1:9978/file/TVBox/uc.txt",
                "site": "http://149.88.87.18:6688",
                "danmu": true
            }
        },
        {
            "key": "雷鲸",
            "name": "雷鲸｜4K",
            "type": 3,
            "api": "csp_Wexleijing",
            "searchable": 1,
            "changeable": 1,
            "jar": "http://127.0.0.1:9978/file/TVBoxOSC/本地仓/wex.jar"
        },
        {
            "key": "天翼",
            "name": "天翼｜4K",
            "type": 3,
            "api": "csp_Wextyso",
            "searchable": 1,
            "changeable": 0,
            "jar": "http://127.0.0.1:9978/file/TVBoxOSC/本地仓/wex.jar"
        },
        {
            "key": "盘他",
            "name": "盘他｜4K‍",
            "type": 3,
            "api": "csp_WexYDpanta",
            "searchable": 1,
            "changeable": 1,
            "jar": "http://127.0.0.1:9978/file/TVBoxOSC/本地仓/wex.jar"
        },
        {
            "key": "Emby",
            "name": "Emby｜4K",
            "type": 3,
            "api": "csp_Wexemby",
            "searchable": 1,
            "changeable": 1,
            "jar": "http://127.0.0.1:9978/file/TVBoxOSC/本地仓/wex.jar"
        },
        {
            "key": "搜索弹幕",
            "name": "搜索｜弹幕",
            "type": 3,
            "api": "csp_PanSearch",
            "searchable": 1,
            "filterable": 0,
            "changeable": 1,
            "ext": {
                "token": "http://127.0.0.1:9978/file/TVBox/token.txt",
                "danmu": true
            }
        },
        {
            "key": "易搜弹幕",
            "name": "易搜｜弹幕",
            "type": 3,
            "api": "csp_YiSo",
            "searchable": 1,
            "filterable": 0,
            "changeable": 1,
            "ext": {
                "token": "http://127.0.0.1:9978/file/TVBox/token.txt",
                "danmu": true,
                "cookie": "satoken=0eedba28-be8a-4f01-81af-2d8d44808ecf"
            }
        },
        {
            "key": "云盘弹幕",
            "name": "云盘｜弹幕",
            "type": 3,
            "api": "csp_Yunpan4k",
            "searchable": 1,
            "filterable": 0,
            "changeable": 1,
            "ext": {
                "token": "http://127.0.0.1:9978/file/TVBox/token.txt",
                "cookie": "http://127.0.0.1:9978/file/TVBox/quark.txt",
                "danmu": true
            }
        },
        {
            "key": "夸搜弹幕",
            "name": "夸搜｜弹幕",
            "type": 3,
            "api": "csp_Qkso",
            "searchable": 1,
            "filterable": 1,
            "changeable": 0,
            "ext": {
                "cookie": "http://127.0.0.1:9978/file/TVBox/quark.txt",
                "danmu": true
            }
        },
        {
            "key": "小纸条弹幕",
            "name": "小纸条｜弹幕",
            "type": 3,
            "api": "csp_XiaoZhiTiao",
            "searchable": 1,
            "filterable": 1,
            "changeable": 0,
            "ext": {
                "token": "http://127.0.0.1:9978/file/TVBox/token.txt",
                "danmu": true
            }
        },
        {
            "key": "夸克趣盘搜弹幕",
            "name": "趣盘搜｜弹幕",
            "type": 3,
            "api": "csp_QuPanSou",
            "searchable": 1,
            "quickSearch": 1,
            "filterable": 1,
            "changeable": 1,
            "ext": {
                "cookie": "http://127.0.0.1:9978/file/TVBox/quark.txt",
                "danmu": true
            }
        },
        {
            "key": "夸克短剧弹幕",
            "name": "夸克短剧｜弹幕",
            "type": 3,
            "api": "csp_Qkdj",
            "searchable": 1,
            "filterable": 1,
            "changeable": 0,
            "ext": {
                "cookie": "http://127.0.0.1:9978/file/TVBox/quark.txt",
                "danmu": true
            }
        },
        {
            "key": "版本信息",
            "name": "版本｜信息",
            "type": 3,
            "api": "csp_Market",
            "searchable": 0,
            "changeable": 0,
            "indexs": 0,
            "ext": "https://9877.kstore.space/Market/market.json"
        },
        {
            "key": "push_agent",
            "name": "手机｜推送",
            "type": 3,
            "api": "csp_Push",
            "searchable": 0,
            "filterable": 0,
            "changeable": 0,
            "ext": {
                "token": "http://127.0.0.1:9978/file/TVBox/token.txt",
                "cookie": "http://127.0.0.1:9978/file/TVBox/quark.txt",
                "uc_cookie": "http://127.0.0.1:9978/file/TVBox/uc.txt",
                "danmu": true
            }
        }
    ],
    "doh": [
        {
            "name": "Google",
            "url": "https://dns.google/dns-query",
            "ips": [
                "8.8.4.4",
                "8.8.8.8"
            ]
        },
        {
            "name": "Cloudflare",
            "url": "https://cloudflare-dns.com/dns-query",
            "ips": [
                "1.1.1.1",
                "1.0.0.1",
                "2606:4700:4700::1111",
                "2606:4700:4700::1001"
            ]
        },
        {
            "name": "AdGuard",
            "url": "https://dns.adguard.com/dns-query",
            "ips": [
                "94.140.14.140",
                "94.140.14.141"
            ]
        },
        {
            "name": "DNSWatch",
            "url": "https://resolver2.dns.watch/dns-query",
            "ips": [
                "84.200.69.80",
                "84.200.70.40"
            ]
        },
        {
            "name": "Quad9",
            "url": "https://dns.quad9.net/dns-quer",
            "ips": [
                "9.9.9.9",
                "149.112.112.112"
            ]
        }
    ],
    "lives": [
        {
            "name": "ITV",
            "type": 0,
            "url": "https://9877.kstore.space/Live/ITV.txt",
            "epg": "http://epg.51zmt.top:8000/e.xml",
            "ua": "okhttp/3.15,AptvPlayer/1.4.0",
            "timeout": 5,
            "playerType": 2
        },
        {
            "name": "肥羊直播",
            "type": 3,
            "api": "csp_Feiyang",
            "url": "https://9877.kstore.space/Live/live.m3u",
            "timeout": 10,
            "ua": "okhttp/3.15",
            "catchup": {
                "type": "append",
                "source": "?livemode=4&starttime=${(b)yyyyMMdd'T'HHmm}00.00Z&endtime=${(e)yyyyMMdd'T'HHmm}00.00Z"
            }
        },
        {
            "name": "AI直播",
            "type": 0,
            "url": "https://wget.la/https://raw.githubusercontent.com/PizazzGY/TV/master/output/user_result.txt",
            "epg": "http://cdn.1678520.xyz/epg/?ch={name}&date={date}",
            "playerType": 2,
            "timeout": 10
        },
        {
            "name": "虎牙一起看",
            "type": 3,
            "api": "csp_Feiyang",
            "url": "https://9877.kstore.space/Live/huyayqk.m3u",
            "timeout": 10,
            "ua": "okhttp/3.15"
        },
        {
            "name": "斗鱼一起看",
            "type": 3,
            "api": "csp_Feiyang",
            "url": "https://9877.kstore.space/Live/douyuyqk.m3u",
            "timeout": 10,
            "ua": "okhttp/3.15"
        },
        {
            "name": "YY轮播",
            "type": 3,
            "api": "csp_Feiyang",
            "url": "https://9877.kstore.space/Live/yylunbo.m3u",
            "timeout": 10,
            "ua": "okhttp/3.15"
        },
        {
            "name": "电视Live",
            "type": 0,
            "url": "http://127.0.0.1:9978/proxy?do=live&u=Gather",
            "playerType": 2,
            "timeout": 10
        },
        {
            "name": "网络Live",
            "type": 0,
            "url": "http://127.0.0.1:9978/proxy?do=live&url=https://tv.iill.top/m3u/Live",
            "playerType": 2,
            "timeout": 10
        },
        {
            "name": "范明明",
            "type": 0,
            "url": "https://live.fanmingming.cn/tv/m3u/ipv6.m3u",
            "playerType": 2,
            "timeout": 10
        },
        {
            "name": "APTV",
            "type": 0,
            "url": "https://wget.la/https://github.com/Kimentanm/aptv/raw/master/m3u/iptv.m3u",
            "epg": "http://epg.51zmt.top:8000/api/diyp/?ch={name}&date={date}",
            "logo": "https://epg.iill.top/logo/{name}.png",
            "ua": "okhttp/3.15,AptvPlayer/1.4.0",
            "timeout": 10,
            "playerType": 2
        }
    ],
    "hosts": [
        "cache.ott.*.itv.cmvideo.cn=base-v4-free-mghy.e.cdn.chinamobile.com",
        "cache.ott.ystenlive.itv.cmvideo.cn=base-v4-free-mghy.e.cdn.chinamobile.com",
        "cache.ott.bestlive.itv.cmvideo.cn=base-v4-free-mghy.e.cdn.chinamobile.com",
        "cache.ott.wasulive.itv.cmvideo.cn=base-v4-free-mghy.e.cdn.chinamobile.com",
        "cache.ott.fifalive.itv.cmvideo.cn=base-v4-free-mghy.e.cdn.chinamobile.com",
        "cache.ott.hnbblive.itv.cmvideo.cn=base-v4-free-mghy.e.cdn.chinamobile.com"
    ],
    "ijk": [
        {
            "group": "软解码",
            "options": [
                {
                    "category": 4,
                    "name": "opensles",
                    "value": "0"
                },
                {
                    "category": 4,
                    "name": "overlay-format",
                    "value": "842225234"
                },
                {
                    "category": 4,
                    "name": "framedrop",
                    "value": "1"
                },
                {
                    "category": 4,
                    "name": "soundtouch",
                    "value": "1"
                },
                {
                    "category": 4,
                    "name": "start-on-prepared",
                    "value": "1"
                },
                {
                    "category": 1,
                    "name": "http-detect-range-support",
                    "value": "0"
                },
                {
                    "category": 1,
                    "name": "fflags",
                    "value": "fastseek"
                },
                {
                    "category": 2,
                    "name": "skip_loop_filter",
                    "value": "48"
                },
                {
                    "category": 4,
                    "name": "reconnect",
                    "value": "1"
                },
                {
                    "category": 4,
                    "name": "enable-accurate-seek",
                    "value": "0"
                },
                {
                    "category": 4,
                    "name": "mediacodec",
                    "value": "0"
                },
                {
                    "category": 4,
                    "name": "mediacodec-auto-rotate",
                    "value": "0"
                },
                {
                    "category": 4,
                    "name": "mediacodec-handle-resolution-change",
                    "value": "0"
                },
                {
                    "category": 4,
                    "name": "mediacodec-hevc",
                    "value": "0"
                },
                {
                    "category": 1,
                    "name": "dns_cache_timeout",
                    "value": "600000000"
                }
            ]
        },
        {
            "group": "硬解码",
            "options": [
                {
                    "category": 4,
                    "name": "opensles",
                    "value": "0"
                },
                {
                    "category": 4,
                    "name": "overlay-format",
                    "value": "842225234"
                },
                {
                    "category": 4,
                    "name": "framedrop",
                    "value": "1"
                },
                {
                    "category": 4,
                    "name": "soundtouch",
                    "value": "1"
                },
                {
                    "category": 4,
                    "name": "start-on-prepared",
                    "value": "1"
                },
                {
                    "category": 1,
                    "name": "http-detect-range-support",
                    "value": "0"
                },
                {
                    "category": 1,
                    "name": "fflags",
                    "value": "fastseek"
                },
                {
                    "category": 2,
                    "name": "skip_loop_filter",
                    "value": "48"
                },
                {
                    "category": 4,
                    "name": "reconnect",
                    "value": "1"
                },
                {
                    "category": 4,
                    "name": "enable-accurate-seek",
                    "value": "0"
                },
                {
                    "category": 4,
                    "name": "mediacodec",
                    "value": "1"
                },
                {
                    "category": 4,
                    "name": "mediacodec-auto-rotate",
                    "value": "1"
                },
                {
                    "category": 4,
                    "name": "mediacodec-handle-resolution-change",
                    "value": "1"
                },
                {
                    "category": 4,
                    "name": "mediacodec-hevc",
                    "value": "1"
                },
                {
                    "category": 1,
                    "name": "dns_cache_timeout",
                    "value": "600000000"
                }
            ]
        }
    ]
}