{
    "spider": "http://127.0.0.1:9978/file/TVBoxOSC/本地仓/spider.jar",
    "wallpaper": "http://bobohome.ignorelist.com:20247/bing",
    "logo": "http://127.0.0.1:9978/file/TVBox/logo.png",
    "sites": [
        {
            "key": "播客",
            "name": "播客｜综合",
            "type": 3,
            "api": "./js/drpy2.min.js",
            "ext": "./js/播客.js"
        },
        {
            "key": "配置中心",
            "name": "配置｜中心",
            "type": 3,
            "api": "csp_Config",
            "searchable": 0,
            "changeable": 0,
            "indexs": 0,
            "style": {
                "type": "rect",
                "ratio": 1.597
            }
        },
        {
            "key": "呦呦DJ",
            "name": "呦呦｜DJ",
            "type": 3,
            "api": "./js/drpy2.min.js",
            "ext": "./js/呦呦DJ.js"
        },
        {
            "key": "清风DJ",
            "name": "清风｜DJ",
            "type": 3,
            "api": "./js/drpy2.min.js",
            "ext": "./js/清风DJ.js"
        },
        {
            "key": "爱车MV",
            "name": "爱车｜MV",
            "type": 3,
            "api": "./js/drpy2.min.js",
            "ext": "./js/爱车MV.js"
        },
        {
            "key": "酷奇MV",
            "name": "酷奇｜MV",
            "type": 3,
            "api": "./js/drpy2.min.js",
            "ext": "./js/酷奇MV.js"
        },
        {
            "key": "蜻蜓FM",
            "name": "蜻蜓｜FM",
            "type": 3,
            "api": "./js/drpy2.min.js",
            "ext": "./js/蜻蜓FM.js"
        },
        {
            "key": "老白听书",
            "name": "老白｜听书",
            "type": 3,
            "api": "csp_BookLaoBai",
            "searchable": 1,
            "quickSearch": 0,
            "changeable": 0,
            "style": {
                "type": "rect",
                "ratio": 1.433
            },
            "ext": "https://apk-lb-json.fodexin.com##"
        },
        {
            "key": "六月听书",
            "name": "六月｜听书",
            "type": 3,
            "playerType": "2",
            "api": "csp_TingBook",
            "searchable": 0,
            "style": {
                "type": "rect",
                "ratio": 1.433
            }
        },
        {
            "key": "博看听书",
            "name": "博看｜听书",
            "type": 3,
            "api": "./js/drpy2.min.js",
            "ext": "./js/博看听书.js"
        },
        {
            "key": "六月听书",
            "name": "六月｜听书",
            "type": 3,
            "api": "./js/drpy2.min.js",
            "ext": "./js/六月听书.js"
        },
        {
            "key": "爱上你听书网",
            "name": "爱上你｜听书",
            "type": 3,
            "api": "./js/drpy2.min.js",
            "ext": "./js/爱上你听书网.js"
        },
        {
            "key": "有声绘本网",
            "name": "有声绘本｜听书",
            "type": 3,
            "api": "./js/drpy2.min.js",
            "ext": "./js/有声绘本网.js"
        },
        {
            "key": "评书随身听",
            "name": "评书｜在线",
            "type": 3,
            "api": "./js/drpy2.min.js",
            "ext": "./js/评书随身听.js"
        },
        {
            "key": "哔哩哔哩相声",
            "name": "相声｜哔哩",
            "type": 3,
            "api": "csp_Bili",
            "searchable": 0,
            "quickSearch": 0,
            "filterable": 0,
            "ext": {
                "cookie": "http://127.0.0.1:9978/file/TVBox/bili_cookie.txt",
                "json": "./json/哔哩哔哩相声.json"
            },
            "style": {
                "type": "rect",
                "ratio": 1.597
            }
        },
        {
            "key": "哔哩哔哩小品",
            "name": "小品｜哔哩",
            "type": 3,
            "api": "csp_Bili",
            "searchable": 0,
            "quickSearch": 0,
            "filterable": 0,
            "ext": {
                "cookie": "http://127.0.0.1:9978/file/TVBox/bili_cookie.txt",
                "json": "./json/哔哩哔哩小品.json"
            },
            "style": {
                "type": "rect",
                "ratio": 1.597
            }
        },
        {
            "key": "哔哩哔哩戏曲",
            "name": "戏曲｜哔哩",
            "type": 3,
            "api": "csp_Bili",
            "searchable": 0,
            "quickSearch": 0,
            "filterable": 0,
            "ext": {
                "cookie": "http://127.0.0.1:9978/file/TVBox/bili_cookie.txt",
                "json": "./json/哔哩哔哩戏曲.json"
            },
            "style": {
                "type": "rect",
                "ratio": 1.597
            }
        },
        {
            "key": "戏曲多多",
            "name": "戏曲｜多多",
            "type": 3,
            "api": "csp_AppLY",
            "searchable": 1,
            "quickSearch": 1,
            "filterable": 1
        },
        {
            "key": "急救教学",
            "name": "急救｜教学",
            "type": 3,
            "api": "csp_FirstAid",
            "searchable": 0,
            "quickSearch": 0,
            "changeable": 0,
            "style": {
                "type": "rect",
                "ratio": 3.8
            },
            "gridview": "0-0-4.1"
        },
        {
            "key": "版本信息",
            "name": "版本｜信息",
            "type": 3,
            "api": "csp_Market",
            "searchable": 0,
            "changeable": 0,
            "indexs": 0,
            "ext": "https://9877.kstore.space/Market/market.json"
        },
        {
            "key": "push_agent",
            "name": "手机｜推送",
            "type": 3,
            "api": "csp_Push",
            "searchable": 0,
            "filterable": 0,
            "changeable": 0
        }
    ],
    "parses": [
        {
            "name": "臻享",
            "type": "1",
            "url": "https://zy.qiaoji8.com/gouzi.php?url=",
            "ext": {
                "flag": [
                    "qq",
                    "腾讯",
                    "qiyi",
                    "爱奇艺",
                    "奇艺",
                    "youku",
                    "优酷",
                    "sohu",
                    "搜狐",
                    "letv",
                    "乐视",
                    "mgtv",
                    "芒果",
                    "tnmb",
                    "seven",
                    "bilibili",
                    "1905"
                ],
                "header": {
                    "User-Agent": "okhttp/4.9.1"
                }
            }
        },
        {
            "name": "优选",
            "type": 1,
            "url": "http://1.94.221.189:88/algorithm.php?url=",
            "ext": {
                "flag": [
                    "qq",
                    "腾讯",
                    "qiyi",
                    "爱奇艺",
                    "奇艺",
                    "youku",
                    "优酷",
                    "sohu",
                    "搜狐",
                    "letv",
                    "乐视",
                    "mgtv",
                    "芒果",
                    "tnmb",
                    "seven",
                    "bilibili",
                    "1905"
                ],
                "header": {
                    "User-Agent": "okhttp/4.9.1"
                }
            }
        },
        {
            "name": "至臻",
            "type": 1,
            "url": "http://yunhai.qijiyun.vip/home/api?type=ys&uid=177259&key=dijnouxKNOQSTUWXY5&url=",
            "ext": {
                "flag": [
                    "qq",
                    "腾讯",
                    "qiyi",
                    "爱奇艺",
                    "奇艺",
                    "youku",
                    "优酷",
                    "sohu",
                    "搜狐",
                    "letv",
                    "乐视",
                    "mgtv",
                    "芒果",
                    "tnmb",
                    "seven",
                    "bilibili",
                    "1905"
                ],
                "header": {
                    "User-Agent": "okhttp/4.9.1"
                }
            }
        },
        {
            "name": "无双",
            "type": 1,
            "url": "http://1.94.221.189:88/algorithm.php?url=",
            "ext": {
                "flag": [
                    "hgvip"
                ],
                "header": {
                    "User-Agent": "okhttp/4.9.1"
                }
            }
        },
        {
            "name": "咸鱼",
            "type": 0,
            "url": "https://jx.xymp4.cc/?url=",
            "ext": {
                "header": {
                    "user-agent": "Mozilla/5.0 (X11; Linux x86_64) AppleWebKit/537.36 (KHTML, like Gecko) Chrome/134.0.0.0 Safari/537.36 Edg/134.0.3124.68"
                }
            }
        },
        {
            "name": "虾米",
            "type": 0,
            "url": "https://jx.xmflv.com/?url=",
            "ext": {
                "header": {
                    "user-agent": "Mozilla/5.0 (Windows NT 10.0; Win64; x64) AppleWebKit/537.36 (KHTML, like Gecko) Chrome/110.0.0.0 Safari/537.36 Edg/110.0.1587.57"
                }
            }
        },
        {
            "name": "淘片",
            "type": 0,
            "url": "https://jx.yparse.com/index.php?url=",
            "ext": {
                "header": {
                    "user-agent": "Mozilla/5.0 (Linux; Android 13; V2049A Build/TP1A.220624.014; wv) AppleWebKit/537.36 (KHTML, like Gecko) Version/4.0 Chrome/116.0.0.0 Mobile Safari/537.36"
                }
            }
        },
        {
            "name": "冰豆",
            "type": 0,
            "url": "https://bd.jx.cn/?url=",
            "ext": {
                "header": {
                    "user-agent": "Mozilla/5.0 (Linux; Android 13; V2049A Build/TP1A.220624.014; wv) AppleWebKit/537.36 (KHTML, like Gecko) Version/4.0 Chrome/116.0.0.0 Mobile Safari/537.36"
                }
            }
        },
        {
            "name": "七七",
            "type": 0,
            "url": "https://jx.77flv.cc/?url=",
            "ext": {
                "header": {
                    "user-agent": "Mozilla/5.0 (Linux; Android 13; V2049A Build/TP1A.220624.014; wv) AppleWebKit/537.36 (KHTML, like Gecko) Version/4.0 Chrome/116.0.0.0 Mobile Safari/537.36"
                }
            }
        },
        {
            "name": "盘古",
            "type": 0,
            "url": "https://www.playm3u8.cn/jiexi.php?url=",
            "ext": {
                "header": {
                    "user-agent": "Mozilla/5.0 (Linux; Android 13; V2049A Build/TP1A.220624.014; wv) AppleWebKit/537.36 (KHTML, like Gecko) Version/4.0 Chrome/116.0.0.0 Mobile Safari/537.36"
                }
            }
        },
        {
            "name": "夜幕",
            "type": 0,
            "url": "https://yemu.xyz/?url=",
            "ext": {
                "header": {
                    "user-agent": "Mozilla/5.0 (Linux; Android 13; V2049A Build/TP1A.220624.014; wv) AppleWebKit/537.36 (KHTML, like Gecko) Version/4.0 Chrome/116.0.0.0 Mobile Safari/537.36"
                }
            }
        }
    ],
    "doh": [
        {
            "name": "Google",
            "url": "https://dns.google/dns-query",
            "ips": [
                "8.8.4.4",
                "8.8.8.8"
            ]
        },
        {
            "name": "Cloudflare",
            "url": "https://cloudflare-dns.com/dns-query",
            "ips": [
                "1.1.1.1",
                "1.0.0.1",
                "2606:4700:4700::1111",
                "2606:4700:4700::1001"
            ]
        },
        {
            "name": "AdGuard",
            "url": "https://dns.adguard.com/dns-query",
            "ips": [
                "94.140.14.140",
                "94.140.14.141"
            ]
        },
        {
            "name": "DNSWatch",
            "url": "https://resolver2.dns.watch/dns-query",
            "ips": [
                "84.200.69.80",
                "84.200.70.40"
            ]
        },
        {
            "name": "Quad9",
            "url": "https://dns.quad9.net/dns-quer",
            "ips": [
                "9.9.9.9",
                "149.112.112.112"
            ]
        }
    ],
    "lives": [
        {
            "name": "AI直播",
            "type": 0,
            "url": "https://gh-proxy.com/https://raw.githubusercontent.com/PizazzGY/TV/master/output/user_result.txt",
            "epg": "http://cdn.1678520.xyz/epg/?ch={name}&date={date}",
            "playerType": 2,
            "timeout": 10
        },
        {
            "name": "电视Live",
            "type": 0,
            "url": "http://127.0.0.1:9978/proxy?do=live&u=Gather",
            "playerType": 2,
            "timeout": 10
        },
        {
            "name": "网络Live",
            "type": 0,
            "url": "http://127.0.0.1:9978/proxy?do=live&url=https://tv.iill.top/m3u/Live",
            "playerType": 2,
            "timeout": 10
        },
        {
            "name": "范明明",
            "type": 0,
            "url": "https://live.fanmingming.cn/tv/m3u/ipv6.m3u",
            "playerType": 2,
            "timeout": 10
        },
        {
            "name": "APTV",
            "type": 0,
            "url": "https://gh-proxy.com/https://github.com/Kimentanm/aptv/raw/master/m3u/iptv.m3u",
            "epg": "http://epg.51zmt.top:8000/api/diyp/?ch={name}&date={date}",
            "logo": "https://epg.iill.top/logo/{name}.png",
            "ua": "okhttp/3.15,AptvPlayer/1.4.0",
            "timeout": 10,
            "playerType": 2
        }
    ],
    "hosts": [
        "cache.ott.*.itv.cmvideo.cn=base-v4-free-mghy.e.cdn.chinamobile.com",
        "cache.ott.ystenlive.itv.cmvideo.cn=base-v4-free-mghy.e.cdn.chinamobile.com",
        "cache.ott.bestlive.itv.cmvideo.cn=base-v4-free-mghy.e.cdn.chinamobile.com",
        "cache.ott.wasulive.itv.cmvideo.cn=base-v4-free-mghy.e.cdn.chinamobile.com",
        "cache.ott.fifalive.itv.cmvideo.cn=base-v4-free-mghy.e.cdn.chinamobile.com",
        "cache.ott.hnbblive.itv.cmvideo.cn=base-v4-free-mghy.e.cdn.chinamobile.com"
    ],
    "flags": [
        "youku",
        "优酷",
        "优 酷",
        "优酷视频",
        "qq",
        "腾讯",
        "腾 讯",
        "腾讯视频",
        "iqiyi",
        "qiyi",
        "奇艺",
        "爱奇艺",
        "爱 奇 艺",
        "m1905",
        "xigua",
        "letv",
        "leshi",
        "乐视",
        "乐 视",
        "sohu",
        "搜狐",
        "搜 狐",
        "搜狐视频",
        "tudou",
        "pptv",
        "mgtv",
        "芒果",
        "imgo",
        "芒果TV",
        "芒 果 T V",
        "bilibili",
        "哔 哩",
        "哔 哩 哔 哩"
    ],
    "ijk": [
        {
            "group": "软解码",
            "options": [
                {
                    "category": 4,
                    "name": "opensles",
                    "value": "0"
                },
                {
                    "category": 4,
                    "name": "overlay-format",
                    "value": "842225234"
                },
                {
                    "category": 4,
                    "name": "framedrop",
                    "value": "1"
                },
                {
                    "category": 4,
                    "name": "soundtouch",
                    "value": "1"
                },
                {
                    "category": 4,
                    "name": "start-on-prepared",
                    "value": "1"
                },
                {
                    "category": 1,
                    "name": "http-detect-range-support",
                    "value": "0"
                },
                {
                    "category": 1,
                    "name": "fflags",
                    "value": "fastseek"
                },
                {
                    "category": 2,
                    "name": "skip_loop_filter",
                    "value": "48"
                },
                {
                    "category": 4,
                    "name": "reconnect",
                    "value": "1"
                },
                {
                    "category": 4,
                    "name": "enable-accurate-seek",
                    "value": "0"
                },
                {
                    "category": 4,
                    "name": "mediacodec",
                    "value": "0"
                },
                {
                    "category": 4,
                    "name": "mediacodec-auto-rotate",
                    "value": "0"
                },
                {
                    "category": 4,
                    "name": "mediacodec-handle-resolution-change",
                    "value": "0"
                },
                {
                    "category": 4,
                    "name": "mediacodec-hevc",
                    "value": "0"
                },
                {
                    "category": 1,
                    "name": "dns_cache_timeout",
                    "value": "600000000"
                }
            ]
        },
        {
            "group": "硬解码",
            "options": [
                {
                    "category": 4,
                    "name": "opensles",
                    "value": "0"
                },
                {
                    "category": 4,
                    "name": "overlay-format",
                    "value": "842225234"
                },
                {
                    "category": 4,
                    "name": "framedrop",
                    "value": "1"
                },
                {
                    "category": 4,
                    "name": "soundtouch",
                    "value": "1"
                },
                {
                    "category": 4,
                    "name": "start-on-prepared",
                    "value": "1"
                },
                {
                    "category": 1,
                    "name": "http-detect-range-support",
                    "value": "0"
                },
                {
                    "category": 1,
                    "name": "fflags",
                    "value": "fastseek"
                },
                {
                    "category": 2,
                    "name": "skip_loop_filter",
                    "value": "48"
                },
                {
                    "category": 4,
                    "name": "reconnect",
                    "value": "1"
                },
                {
                    "category": 4,
                    "name": "enable-accurate-seek",
                    "value": "0"
                },
                {
                    "category": 4,
                    "name": "mediacodec",
                    "value": "1"
                },
                {
                    "category": 4,
                    "name": "mediacodec-auto-rotate",
                    "value": "1"
                },
                {
                    "category": 4,
                    "name": "mediacodec-handle-resolution-change",
                    "value": "1"
                },
                {
                    "category": 4,
                    "name": "mediacodec-hevc",
                    "value": "1"
                },
                {
                    "category": 1,
                    "name": "dns_cache_timeout",
                    "value": "600000000"
                }
            ]
        }
    ],
    "ads": [
        "static-mozai.4gtv.tv"
    ]
}