{
    "classes": [
        {
            "type_name": "幼儿教育",
            "type_id": "search_趣味故事"
        },
        {
            "type_name": "学习园地",
            "type_id": "search_魔尺"
        },
        {
            "type_name": "哔哩分类",
            "type_id": "cat_201"
        },
        {
            "type_name": "哔哩直播",
            "type_id": "live_live"
        },
        {
            "type_name": "哔哩赛事",
            "type_id": "games_0"
        }
    ],
    "filters": {
        "search_趣味故事": [
            {
                "key": "tid",
                "name": "分类",
                "value": [
                    {
                        "n": "小鹿早教",
                        "v": "up_615860993"
                    },
                    {
                        "n": "趣味动画",
                        "v": "up_3493263568800675"
                    },
                    {
                        "n": "古诗故事",
                        "v": "{'tid':'search_古诗故事','order':'totalrank'}"
                    },
                    {
                        "n": "宝宝乐园BB",
                        "v": "{'tid':'up_3537124724837004','order':'totalrank'}"
                    },
                    {
                        "n": "前尘UP",
                        "v": "{'tid':'up_6495082','order':'totalrank'}"
                    }
                ]
            }
        ],
        "search_魔尺": [
            {
                "key": "tid",
                "name": "魔尺",
                "value": [
                    {
                        "n": "魔尺24段",
                        "v": "search_魔尺24段"
                    },
                    {
                        "n": "魔尺36段",
                        "v": "search_魔尺36段"
                    },
                    {
                        "n": "魔尺48段",
                        "v": "search_魔尺48段"
                    },
                    {
                        "n": "魔尺60段",
                        "v": "search_魔尺60段"
                    },
                    {
                        "n": "魔尺72段",
                        "v": "search_魔尺72段"
                    }
                ]
            },
            {
                "key": "tid",
                "name": "魔方",
                "value": [
                    {
                        "n": "三阶魔方",
                        "v": "search_魔方三阶教程"
                    },
                    {
                        "n": "四阶魔方",
                        "v": "search_魔方四阶教程"
                    }
                ]
            }
        ],
        "cat_201": [
            {
                "key": "tid",
                "name": "动画",
                "value": [
                    {
                        "n": "MAD·AMV",
                        "v": "cat_24"
                    },
                    {
                        "n": "MMD·3D",
                        "v": "cat_25"
                    },
                    {
                        "n": "短片·手书·配音",
                        "v": "cat_47"
                    },
                    {
                        "n": "手办·模玩",
                        "v": "cat_210"
                    },
                    {
                        "n": "特摄",
                        "v": "cat_86"
                    },
                    {
                        "n": "综合",
                        "v": "cat_27"
                    }
                ]
            },
            {
                "key": "tid",
                "name": "番剧",
                "value": [
                    {
                        "n": "连载动画",
                        "v": "cat_33"
                    },
                    {
                        "n": "完结动画",
                        "v": "cat_32"
                    },
                    {
                        "n": "资讯",
                        "v": "cat_51"
                    },
                    {
                        "n": "官方延伸",
                        "v": "cat_152"
                    }
                ]
            },
            {
                "key": "tid",
                "name": "国创",
                "value": [
                    {
                        "n": "国产动画",
                        "v": "cat_153"
                    },
                    {
                        "n": "国产原创相关",
                        "v": "cat_168"
                    },
                    {
                        "n": "布袋戏",
                        "v": "cat_169"
                    },
                    {
                        "n": "动态漫·广播剧",
                        "v": "cat_195"
                    },
                    {
                        "n": "资讯",
                        "v": "cat_170"
                    }
                ]
            },
            {
                "key": "tid",
                "name": "音乐",
                "value": [
                    {
                        "n": "原创音乐",
                        "v": "cat_28"
                    },
                    {
                        "n": "翻唱",
                        "v": "cat_31"
                    },
                    {
                        "n": "VOCALOID·UTAU",
                        "v": "cat_30"
                    },
                    {
                        "n": "电音",
                        "v": "cat_194"
                    },
                    {
                        "n": "演奏",
                        "v": "cat_59"
                    },
                    {
                        "n": "MV",
                        "v": "cat_193"
                    },
                    {
                        "n": "音乐现场",
                        "v": "cat_29"
                    },
                    {
                        "n": "音乐综合",
                        "v": "cat_130"
                    }
                ]
            },
            {
                "key": "tid",
                "name": "舞蹈",
                "value": [
                    {
                        "n": "宅舞",
                        "v": "cat_20"
                    },
                    {
                        "n": "街舞",
                        "v": "cat_198"
                    },
                    {
                        "n": "明星舞蹈",
                        "v": "cat_199"
                    },
                    {
                        "n": "中国舞",
                        "v": "cat_200"
                    },
                    {
                        "n": "舞蹈综合",
                        "v": "cat_154"
                    },
                    {
                        "n": "舞蹈教程",
                        "v": "cat_156"
                    }
                ]
            },
            {
                "key": "tid",
                "name": "游戏",
                "value": [
                    {
                        "n": "单机游戏",
                        "v": "cat_17"
                    },
                    {
                        "n": "电子竞技",
                        "v": "cat_171"
                    },
                    {
                        "n": "手机游戏",
                        "v": "cat_172"
                    },
                    {
                        "n": "网络游戏",
                        "v": "cat_65"
                    },
                    {
                        "n": "桌游棋牌",
                        "v": "cat_173"
                    },
                    {
                        "n": "GMV",
                        "v": "cat_121"
                    },
                    {
                        "n": "音游",
                        "v": "cat_136"
                    },
                    {
                        "n": "Mugen",
                        "v": "cat_19"
                    }
                ]
            },
            {
                "key": "tid",
                "name": "知识",
                "value": [
                    {
                        "n": "科学科普",
                        "v": "cat_201"
                    },
                    {
                        "n": "社科·法律·心理",
                        "v": "cat_124"
                    },
                    {
                        "n": "人文历史",
                        "v": "cat_228"
                    },
                    {
                        "n": "财经商业",
                        "v": "cat_207"
                    },
                    {
                        "n": "校园学习",
                        "v": "cat_208"
                    },
                    {
                        "n": "职业职场",
                        "v": "cat_209"
                    },
                    {
                        "n": "设计·创意",
                        "v": "cat_229"
                    },
                    {
                        "n": "野生技术协会",
                        "v": "cat_122"
                    }
                ]
            },
            {
                "key": "tid",
                "name": "科技",
                "value": [
                    {
                        "n": "数码",
                        "v": "cat_95"
                    },
                    {
                        "n": "软件应用",
                        "v": "cat_230"
                    },
                    {
                        "n": "计算机技术",
                        "v": "cat_231"
                    },
                    {
                        "n": "工业·工程·机械",
                        "v": "cat_232"
                    },
                    {
                        "n": "极客DIY",
                        "v": "cat_233"
                    }
                ]
            },
            {
                "key": "tid",
                "name": "运动",
                "value": [
                    {
                        "n": "篮球·足球",
                        "v": "cat_235"
                    },
                    {
                        "n": "健身",
                        "v": "cat_164"
                    },
                    {
                        "n": "竞技体育",
                        "v": "cat_236"
                    },
                    {
                        "n": "运动文化",
                        "v": "cat_237"
                    },
                    {
                        "n": "运动综合",
                        "v": "cat_238"
                    }
                ]
            },
            {
                "key": "tid",
                "name": "汽车",
                "value": [
                    {
                        "n": "汽车生活",
                        "v": "cat_176"
                    },
                    {
                        "n": "汽车文化",
                        "v": "cat_224"
                    },
                    {
                        "n": "汽车极客",
                        "v": "cat_225"
                    },
                    {
                        "n": "智能出行",
                        "v": "cat_226"
                    },
                    {
                        "n": "购车攻略",
                        "v": "cat_227"
                    }
                ]
            },
            {
                "key": "tid",
                "name": "生活",
                "value": [
                    {
                        "n": "搞笑",
                        "v": "cat_138"
                    },
                    {
                        "n": "家居房产",
                        "v": "cat_239"
                    },
                    {
                        "n": "手工",
                        "v": "cat_161"
                    },
                    {
                        "n": "绘画",
                        "v": "cat_162"
                    },
                    {
                        "n": "日常",
                        "v": "cat_21"
                    },
                    {
                        "n": "美食圈",
                        "v": "cat_76"
                    },
                    {
                        "n": "动物圈",
                        "v": "cat_75"
                    },
                    {
                        "n": "运动",
                        "v": "cat_163"
                    },
                    {
                        "n": "汽车",
                        "v": "cat_176"
                    }
                ]
            },
            {
                "key": "tid",
                "name": "美食",
                "value": [
                    {
                        "n": "美食制作",
                        "v": "cat_76"
                    },
                    {
                        "n": "美食侦探",
                        "v": "cat_212"
                    },
                    {
                        "n": "美食测评",
                        "v": "cat_213"
                    },
                    {
                        "n": "田园美食",
                        "v": "cat_214"
                    },
                    {
                        "n": "美食记录",
                        "v": "cat_215"
                    }
                ]
            },
            {
                "key": "tid",
                "name": "动物圈",
                "value": [
                    {
                        "n": "喵星人",
                        "v": "cat_218"
                    },
                    {
                        "n": "汪星人",
                        "v": "cat_219"
                    },
                    {
                        "n": "大熊猫",
                        "v": "cat_220"
                    },
                    {
                        "n": "野生动物",
                        "v": "cat_221"
                    },
                    {
                        "n": "爬宠",
                        "v": "cat_222"
                    },
                    {
                        "n": "动物综合",
                        "v": "cat_75"
                    }
                ]
            },
            {
                "key": "tid",
                "name": "鬼畜",
                "value": [
                    {
                        "n": "鬼畜调教",
                        "v": "cat_22"
                    },
                    {
                        "n": "音MAD",
                        "v": "cat_26"
                    },
                    {
                        "n": "人力VOCALOID",
                        "v": "cat_126"
                    },
                    {
                        "n": "鬼畜剧场",
                        "v": "cat_216"
                    },
                    {
                        "n": "教程演示",
                        "v": "cat_127"
                    }
                ]
            },
            {
                "key": "tid",
                "name": "时尚",
                "value": [
                    {
                        "n": "美妆",
                        "v": "cat_157"
                    },
                    {
                        "n": "服饰",
                        "v": "cat_158"
                    },
                    {
                        "n": "T台",
                        "v": "cat_159"
                    },
                    {
                        "n": "风尚标",
                        "v": "cat_192"
                    }
                ]
            },
            {
                "key": "time",
                "name": "时间",
                "value": [
                    {
                        "n": "近3天投稿内容",
                        "v": "3"
                    },
                    {
                        "n": "近7天投稿内容",
                        "v": "7"
                    },
                    {
                        "n": "近14天投稿内容",
                        "v": "14"
                    },
                    {
                        "n": "近30天投稿内容",
                        "v": "30"
                    }
                ]
            },
            {
                "key": "order",
                "name": "排序",
                "value": [
                    {
                        "n": "播放量",
                        "v": "click"
                    },
                    {
                        "n": "评论数",
                        "v": "scores"
                    },
                    {
                        "n": "收藏数",
                        "v": "stow"
                    },
                    {
                        "n": "硬币数",
                        "v": "coin"
                    },
                    {
                        "n": "弹幕数",
                        "v": "dm"
                    }
                ]
            }
        ],
        "live_live": [
            {
                "name": "网游",
                "value": [
                    {
                        "v": "live_2_86",
                        "n": "英雄联盟"
                    },
                    {
                        "v": "live_2_329",
                        "n": "无畏契约"
                    },
                    {
                        "v": "live_2_89",
                        "n": "CS:GO"
                    },
                    {
                        "v": "live_2_240",
                        "n": "APEX英雄"
                    },
                    {
                        "v": "live_2_666",
                        "n": "永劫无间"
                    },
                    {
                        "v": "live_2_88",
                        "n": "穿越火线"
                    },
                    {
                        "v": "live_2_590",
                        "n": "命运方舟"
                    },
                    {
                        "v": "live_2_92",
                        "n": "DOTA2"
                    },
                    {
                        "v": "live_2_80",
                        "n": "吃鸡行动"
                    },
                    {
                        "v": "live_2_252",
                        "n": "逃离塔科夫"
                    },
                    {
                        "v": "live_2_695",
                        "n": "传奇"
                    },
                    {
                        "v": "live_2_78",
                        "n": "DNF"
                    },
                    {
                        "v": "live_2_782",
                        "n": "卡拉彼丘"
                    },
                    {
                        "v": "live_2_774",
                        "n": "幕后高手"
                    },
                    {
                        "v": "live_2_575",
                        "n": "生死狙击2"
                    },
                    {
                        "v": "live_2_599",
                        "n": "洛奇英雄传"
                    },
                    {
                        "v": "live_2_102",
                        "n": "最终幻想14"
                    },
                    {
                        "v": "live_2_809",
                        "n": "重生边缘"
                    },
                    {
                        "v": "live_2_249",
                        "n": "星际战甲"
                    },
                    {
                        "v": "live_2_710",
                        "n": "梦三国"
                    },
                    {
                        "v": "live_2_690",
                        "n": "英魂之刃"
                    },
                    {
                        "v": "live_2_82",
                        "n": "剑网3"
                    },
                    {
                        "v": "live_2_829",
                        "n": "从军"
                    },
                    {
                        "v": "live_2_691",
                        "n": "铁甲雄兵"
                    },
                    {
                        "v": "live_2_300",
                        "n": "封印者"
                    },
                    {
                        "v": "live_2_653",
                        "n": "新天龙八部"
                    },
                    {
                        "v": "live_2_667",
                        "n": "赛尔号"
                    },
                    {
                        "v": "live_2_668",
                        "n": "造梦西游"
                    },
                    {
                        "v": "live_2_669",
                        "n": "洛克王国"
                    },
                    {
                        "v": "live_2_670",
                        "n": "问道"
                    },
                    {
                        "v": "live_2_654",
                        "n": "诛仙世界"
                    },
                    {
                        "v": "live_2_652",
                        "n": "大话西游"
                    },
                    {
                        "v": "live_2_683",
                        "n": "奇迹MU"
                    },
                    {
                        "v": "live_2_684",
                        "n": "永恒之塔"
                    },
                    {
                        "v": "live_2_685",
                        "n": "QQ三国"
                    },
                    {
                        "v": "live_2_677",
                        "n": "人间地狱"
                    },
                    {
                        "v": "live_2_686",
                        "n": "彩虹岛"
                    },
                    {
                        "v": "live_2_663",
                        "n": "洛奇"
                    },
                    {
                        "v": "live_2_664",
                        "n": "跑跑卡丁车"
                    },
                    {
                        "v": "live_2_658",
                        "n": "星际公民"
                    },
                    {
                        "v": "live_2_659",
                        "n": "Squad战术小队"
                    },
                    {
                        "v": "live_2_629",
                        "n": "反恐精英Online"
                    },
                    {
                        "v": "live_2_648",
                        "n": "风暴奇侠"
                    },
                    {
                        "v": "live_2_705",
                        "n": "创世战车"
                    },
                    {
                        "v": "live_2_642",
                        "n": "装甲战争"
                    },
                    {
                        "v": "live_2_87",
                        "n": "守望先锋"
                    },
                    {
                        "v": "live_2_639",
                        "n": "阿尔比恩"
                    },
                    {
                        "v": "live_2_600",
                        "n": "猎杀对决"
                    },
                    {
                        "v": "live_2_472",
                        "n": "CFHD"
                    },
                    {
                        "v": "live_2_650",
                        "n": "骑士精神2"
                    },
                    {
                        "v": "live_2_680",
                        "n": "超击突破"
                    },
                    {
                        "v": "live_2_634",
                        "n": "武装突袭"
                    },
                    {
                        "v": "live_2_773",
                        "n": "Wayfinder寻路者"
                    },
                    {
                        "v": "live_2_84",
                        "n": "300英雄"
                    },
                    {
                        "v": "live_2_91",
                        "n": "炉石传说"
                    },
                    {
                        "v": "live_2_499",
                        "n": "剑网3缘起"
                    },
                    {
                        "v": "live_2_649",
                        "n": "街头篮球"
                    },
                    {
                        "v": "live_2_601",
                        "n": "综合射击"
                    },
                    {
                        "v": "live_2_505",
                        "n": "剑灵"
                    },
                    {
                        "v": "live_2_651",
                        "n": "艾尔之光"
                    },
                    {
                        "v": "live_2_632",
                        "n": "黑色沙漠"
                    },
                    {
                        "v": "live_2_596",
                        "n": "天涯明月刀"
                    },
                    {
                        "v": "live_2_519",
                        "n": "超激斗梦境"
                    },
                    {
                        "v": "live_2_574",
                        "n": "冒险岛"
                    },
                    {
                        "v": "live_2_487",
                        "n": "逆战"
                    },
                    {
                        "v": "live_2_181",
                        "n": "魔兽争霸3"
                    },
                    {
                        "v": "live_2_610",
                        "n": "QQ飞车"
                    },
                    {
                        "v": "live_2_83",
                        "n": "魔兽世界"
                    },
                    {
                        "v": "live_2_388",
                        "n": "FIFA ONLINE 4"
                    },
                    {
                        "v": "live_2_581",
                        "n": "NBA2KOL2"
                    },
                    {
                        "v": "live_2_318",
                        "n": "使命召唤:战区"
                    },
                    {
                        "v": "live_2_656",
                        "n": "VRChat"
                    },
                    {
                        "v": "live_2_115",
                        "n": "坦克世界"
                    },
                    {
                        "v": "live_2_248",
                        "n": "战舰世界"
                    },
                    {
                        "v": "live_2_729",
                        "n": "战争与抉择"
                    },
                    {
                        "v": "live_2_316",
                        "n": "战争雷霆"
                    },
                    {
                        "v": "live_2_383",
                        "n": "战意"
                    },
                    {
                        "v": "live_2_114",
                        "n": "风暴英雄"
                    },
                    {
                        "v": "live_2_93",
                        "n": "星际争霸2"
                    },
                    {
                        "v": "live_2_239",
                        "n": "刀塔自走棋"
                    },
                    {
                        "v": "live_2_164",
                        "n": "堡垒之夜"
                    },
                    {
                        "v": "live_2_251",
                        "n": "枪神纪"
                    },
                    {
                        "v": "live_2_81",
                        "n": "三国杀"
                    },
                    {
                        "v": "live_2_112",
                        "n": "龙之谷"
                    },
                    {
                        "v": "live_2_173",
                        "n": "古剑奇谭OL"
                    },
                    {
                        "v": "live_2_176",
                        "n": "幻想全明星"
                    },
                    {
                        "v": "live_2_288",
                        "n": "怀旧网游"
                    },
                    {
                        "v": "live_2_298",
                        "n": "新游前瞻"
                    },
                    {
                        "v": "live_2_331",
                        "n": "星战前夜：晨曦"
                    },
                    {
                        "v": "live_2_551",
                        "n": "流放之路"
                    },
                    {
                        "v": "live_2_633",
                        "n": "FPS沙盒"
                    },
                    {
                        "v": "live_2_459",
                        "n": "永恒轮回"
                    },
                    {
                        "v": "live_2_607",
                        "n": "激战2"
                    },
                    {
                        "v": "live_2_107",
                        "n": "其他网游"
                    },
                    {
                        "v": "live_2_760",
                        "n": "蓝色协议"
                    }
                ],
                "key": "live_2_0"
            },
            {
                "name": "手游",
                "value": [
                    {
                        "v": "live_3_35",
                        "n": "王者荣耀"
                    },
                    {
                        "v": "live_3_256",
                        "n": "和平精英"
                    },
                    {
                        "v": "live_3_321",
                        "n": "原神"
                    },
                    {
                        "v": "live_3_549",
                        "n": "崩坏：星穹铁道"
                    },
                    {
                        "v": "live_3_163",
                        "n": "第五人格"
                    },
                    {
                        "v": "live_3_395",
                        "n": "LOL手游"
                    },
                    {
                        "v": "live_3_255",
                        "n": "明日方舟"
                    },
                    {
                        "v": "live_3_479",
                        "n": "黎明觉醒：生机"
                    },
                    {
                        "v": "live_3_571",
                        "n": "蛋仔派对"
                    },
                    {
                        "v": "live_3_796",
                        "n": "冒险岛手游"
                    },
                    {
                        "v": "live_3_822",
                        "n": "元梦之星"
                    },
                    {
                        "v": "live_3_805",
                        "n": "闪耀！优俊少女"
                    },
                    {
                        "v": "live_3_797",
                        "n": "斯露德"
                    },
                    {
                        "v": "live_3_806",
                        "n": "千年之旅"
                    },
                    {
                        "v": "live_3_781",
                        "n": "白夜极光"
                    },
                    {
                        "v": "live_3_771",
                        "n": "逆水寒手游"
                    },
                    {
                        "v": "live_3_807",
                        "n": "率土之滨"
                    },
                    {
                        "v": "live_3_215",
                        "n": "月圆之夜"
                    },
                    {
                        "v": "live_3_474",
                        "n": "哈利波特：魔法觉醒"
                    },
                    {
                        "v": "live_3_823",
                        "n": "七人传奇"
                    },
                    {
                        "v": "live_3_550",
                        "n": "幻塔"
                    },
                    {
                        "v": "live_3_799",
                        "n": "星之破晓"
                    },
                    {
                        "v": "live_3_514",
                        "n": "金铲铲之战"
                    },
                    {
                        "v": "live_3_598",
                        "n": "深空之眼"
                    },
                    {
                        "v": "live_3_675",
                        "n": "无期迷途"
                    },
                    {
                        "v": "live_3_777",
                        "n": "晶核"
                    },
                    {
                        "v": "live_3_828",
                        "n": "星球重启"
                    },
                    {
                        "v": "live_3_826",
                        "n": "宿命回响：弦上的叹息"
                    },
                    {
                        "v": "live_3_687",
                        "n": "光遇"
                    },
                    {
                        "v": "live_3_792",
                        "n": "桃源深处有人家"
                    },
                    {
                        "v": "live_3_756",
                        "n": "三国志战棋版"
                    },
                    {
                        "v": "live_3_765",
                        "n": "战火勋章"
                    },
                    {
                        "v": "live_3_755",
                        "n": "以闪亮之名"
                    },
                    {
                        "v": "live_3_778",
                        "n": "尘白禁区"
                    },
                    {
                        "v": "live_3_759",
                        "n": "古魂"
                    },
                    {
                        "v": "live_3_470",
                        "n": "鬼泣-巅峰之战"
                    },
                    {
                        "v": "live_3_762",
                        "n": "奇点时代"
                    },
                    {
                        "v": "live_3_689",
                        "n": "香肠派对"
                    },
                    {
                        "v": "live_3_645",
                        "n": "猫之城"
                    },
                    {
                        "v": "live_3_783",
                        "n": "高能英雄"
                    },
                    {
                        "v": "live_3_386",
                        "n": "使命召唤手游"
                    },
                    {
                        "v": "live_3_40",
                        "n": "崩坏3"
                    },
                    {
                        "v": "live_3_793",
                        "n": "银河境界线"
                    },
                    {
                        "v": "live_3_787",
                        "n": "蔚蓝档案"
                    },
                    {
                        "v": "live_3_784",
                        "n": "第七史诗"
                    },
                    {
                        "v": "live_3_407",
                        "n": "游戏王：决斗链接"
                    },
                    {
                        "v": "live_3_303",
                        "n": "游戏王"
                    },
                    {
                        "v": "live_3_724",
                        "n": "JJ斗地主"
                    },
                    {
                        "v": "live_3_36",
                        "n": "阴阳师"
                    },
                    {
                        "v": "live_3_719",
                        "n": "欢乐斗地主"
                    },
                    {
                        "v": "live_3_791",
                        "n": "太空行动"
                    },
                    {
                        "v": "live_3_718",
                        "n": "空之要塞：启航"
                    },
                    {
                        "v": "live_3_738",
                        "n": "长安幻想"
                    },
                    {
                        "v": "live_3_292",
                        "n": "火影忍者手游"
                    },
                    {
                        "v": "live_3_37",
                        "n": "Fate/GO"
                    },
                    {
                        "v": "live_3_354",
                        "n": "综合棋牌"
                    },
                    {
                        "v": "live_3_154",
                        "n": "QQ飞车手游"
                    },
                    {
                        "v": "live_3_140",
                        "n": "决战！平安京"
                    },
                    {
                        "v": "live_3_41",
                        "n": "狼人杀"
                    },
                    {
                        "v": "live_3_352",
                        "n": "三国杀移动版"
                    },
                    {
                        "v": "live_3_113",
                        "n": "碧蓝航线"
                    },
                    {
                        "v": "live_3_156",
                        "n": "影之诗"
                    },
                    {
                        "v": "live_3_189",
                        "n": "明日之后"
                    },
                    {
                        "v": "live_3_761",
                        "n": "重返未来：1999"
                    },
                    {
                        "v": "live_3_786",
                        "n": "环行旅舍"
                    },
                    {
                        "v": "live_3_813",
                        "n": "幻世与冒险"
                    },
                    {
                        "v": "live_3_50",
                        "n": "部落冲突:皇室战争"
                    },
                    {
                        "v": "live_3_661",
                        "n": "奥比岛手游"
                    },
                    {
                        "v": "live_3_734",
                        "n": "弹弹堂"
                    },
                    {
                        "v": "live_3_214",
                        "n": "雀姬"
                    },
                    {
                        "v": "live_3_330",
                        "n": "公主连结Re:Dive"
                    },
                    {
                        "v": "live_3_343",
                        "n": "DNF手游"
                    },
                    {
                        "v": "live_3_641",
                        "n": "FIFA足球世界"
                    },
                    {
                        "v": "live_3_258",
                        "n": "BanG Dream"
                    },
                    {
                        "v": "live_3_469",
                        "n": "荒野乱斗"
                    },
                    {
                        "v": "live_3_333",
                        "n": "CF手游"
                    },
                    {
                        "v": "live_3_293",
                        "n": "战双帕弥什"
                    },
                    {
                        "v": "live_3_389",
                        "n": "天涯明月刀手游"
                    },
                    {
                        "v": "live_3_779",
                        "n": "一拳超人：世界"
                    },
                    {
                        "v": "live_3_42",
                        "n": "解密游戏"
                    },
                    {
                        "v": "live_3_576",
                        "n": "恋爱养成游戏"
                    },
                    {
                        "v": "live_3_492",
                        "n": "暗黑破坏神：不朽"
                    },
                    {
                        "v": "live_3_502",
                        "n": "暗区突围"
                    },
                    {
                        "v": "live_3_265",
                        "n": "跑跑卡丁车手游"
                    },
                    {
                        "v": "live_3_212",
                        "n": "非人学园"
                    },
                    {
                        "v": "live_3_286",
                        "n": "百闻牌"
                    },
                    {
                        "v": "live_3_269",
                        "n": "猫和老鼠手游"
                    },
                    {
                        "v": "live_3_442",
                        "n": "坎公骑冠剑"
                    },
                    {
                        "v": "live_3_203",
                        "n": "忍者必须死3"
                    },
                    {
                        "v": "live_3_342",
                        "n": "梦幻西游手游"
                    },
                    {
                        "v": "live_3_504",
                        "n": "航海王热血航线"
                    },
                    {
                        "v": "live_3_39",
                        "n": "少女前线"
                    },
                    {
                        "v": "live_3_688",
                        "n": "300大作战"
                    },
                    {
                        "v": "live_3_525",
                        "n": "少女前线：云图计划"
                    },
                    {
                        "v": "live_3_478",
                        "n": "漫威超级战争"
                    },
                    {
                        "v": "live_3_464",
                        "n": "摩尔庄园手游"
                    },
                    {
                        "v": "live_3_493",
                        "n": "宝可梦大集结"
                    },
                    {
                        "v": "live_3_473",
                        "n": "小动物之星"
                    },
                    {
                        "v": "live_3_448",
                        "n": "天地劫：幽城再临"
                    },
                    {
                        "v": "live_3_511",
                        "n": "漫威对决"
                    },
                    {
                        "v": "live_3_538",
                        "n": "东方归言录"
                    },
                    {
                        "v": "live_3_178",
                        "n": "梦幻模拟战"
                    },
                    {
                        "v": "live_3_643",
                        "n": "时空猎人3"
                    },
                    {
                        "v": "live_3_613",
                        "n": "重返帝国"
                    },
                    {
                        "v": "live_3_679",
                        "n": "休闲小游戏"
                    },
                    {
                        "v": "live_3_98",
                        "n": "其他手游"
                    },
                    {
                        "v": "live_3_274",
                        "n": "新游评测"
                    },
                    {
                        "v": "live_3_821",
                        "n": "山海镜花"
                    },
                    {
                        "v": "live_3_824",
                        "n": "小冰冰传奇"
                    }
                ],
                "key": "live_2_0"
            },
            {
                "name": "单机游戏",
                "value": [
                    {
                        "v": "live_6_236",
                        "n": "主机游戏"
                    },
                    {
                        "v": "live_6_216",
                        "n": "我的世界"
                    },
                    {
                        "v": "live_6_283",
                        "n": "独立游戏"
                    },
                    {
                        "v": "live_6_237",
                        "n": "怀旧游戏"
                    },
                    {
                        "v": "live_6_384",
                        "n": "猛兽派对"
                    },
                    {
                        "v": "live_6_402",
                        "n": "赛博朋克2077"
                    },
                    {
                        "v": "live_6_808",
                        "n": "星空"
                    },
                    {
                        "v": "live_6_308",
                        "n": "塞尔达传说"
                    },
                    {
                        "v": "live_6_798",
                        "n": "苍翼：混沌效应"
                    },
                    {
                        "v": "live_6_277",
                        "n": "命运2"
                    },
                    {
                        "v": "live_6_811",
                        "n": "收获日3"
                    },
                    {
                        "v": "live_6_830",
                        "n": "FC24"
                    },
                    {
                        "v": "live_6_800",
                        "n": "机战佣兵VI 境界天火"
                    },
                    {
                        "v": "live_6_780",
                        "n": "暗黑破坏神Ⅳ"
                    },
                    {
                        "v": "live_6_812",
                        "n": "匹诺曹的谎言"
                    },
                    {
                        "v": "live_6_385",
                        "n": "博德之门3"
                    },
                    {
                        "v": "live_6_801",
                        "n": "绝世好武功"
                    },
                    {
                        "v": "live_6_276",
                        "n": "恐怖游戏"
                    },
                    {
                        "v": "live_6_795",
                        "n": "Dark and Darker"
                    },
                    {
                        "v": "live_6_785",
                        "n": "Warlander"
                    },
                    {
                        "v": "live_6_302",
                        "n": "FORZA 极限竞速"
                    },
                    {
                        "v": "live_6_763",
                        "n": "边境"
                    },
                    {
                        "v": "live_6_721",
                        "n": "生化危机"
                    },
                    {
                        "v": "live_6_328",
                        "n": "最终幻想"
                    },
                    {
                        "v": "live_6_535",
                        "n": "暗黑破坏神"
                    },
                    {
                        "v": "live_6_751",
                        "n": "森林之子"
                    },
                    {
                        "v": "live_6_700",
                        "n": "卧龙：苍天陨落"
                    },
                    {
                        "v": "live_6_693",
                        "n": "红色警戒2"
                    },
                    {
                        "v": "live_6_570",
                        "n": "策略游戏"
                    },
                    {
                        "v": "live_6_707",
                        "n": "禁闭求生"
                    },
                    {
                        "v": "live_6_579",
                        "n": "战神"
                    },
                    {
                        "v": "live_6_694",
                        "n": "斯普拉遁3"
                    },
                    {
                        "v": "live_6_282",
                        "n": "使命召唤19"
                    },
                    {
                        "v": "live_6_555",
                        "n": "艾尔登法环"
                    },
                    {
                        "v": "live_6_636",
                        "n": "聚会游戏"
                    },
                    {
                        "v": "live_6_591",
                        "n": "Dread Hunger"
                    },
                    {
                        "v": "live_6_597",
                        "n": "战地风云"
                    },
                    {
                        "v": "live_6_357",
                        "n": "糖豆人"
                    },
                    {
                        "v": "live_6_586",
                        "n": "消逝的光芒2"
                    },
                    {
                        "v": "live_6_245",
                        "n": "只狼"
                    },
                    {
                        "v": "live_6_578",
                        "n": "怪物猎人"
                    },
                    {
                        "v": "live_6_720",
                        "n": "宝可梦集换式卡牌游戏"
                    },
                    {
                        "v": "live_6_218",
                        "n": "饥荒"
                    },
                    {
                        "v": "live_6_228",
                        "n": "精灵宝可梦"
                    },
                    {
                        "v": "live_6_708",
                        "n": "FIFA23"
                    },
                    {
                        "v": "live_6_594",
                        "n": "全面战争：战锤3"
                    },
                    {
                        "v": "live_6_362",
                        "n": "NBA2K"
                    },
                    {
                        "v": "live_6_548",
                        "n": "帝国时代4"
                    },
                    {
                        "v": "live_6_309",
                        "n": "植物大战僵尸"
                    },
                    {
                        "v": "live_6_433",
                        "n": "格斗游戏"
                    },
                    {
                        "v": "live_6_226",
                        "n": "荒野大镖客2"
                    },
                    {
                        "v": "live_6_426",
                        "n": "重生细胞"
                    },
                    {
                        "v": "live_6_227",
                        "n": "刺客信条"
                    },
                    {
                        "v": "live_6_387",
                        "n": "恐鬼症"
                    },
                    {
                        "v": "live_6_219",
                        "n": "以撒"
                    },
                    {
                        "v": "live_6_446",
                        "n": "双人成行"
                    },
                    {
                        "v": "live_6_295",
                        "n": "方舟"
                    },
                    {
                        "v": "live_6_313",
                        "n": "仁王2"
                    },
                    {
                        "v": "live_6_244",
                        "n": "鬼泣5"
                    },
                    {
                        "v": "live_6_364",
                        "n": "枪火重生"
                    },
                    {
                        "v": "live_6_341",
                        "n": "盗贼之海"
                    },
                    {
                        "v": "live_6_507",
                        "n": "胡闹厨房"
                    },
                    {
                        "v": "live_6_500",
                        "n": "体育游戏"
                    },
                    {
                        "v": "live_6_243",
                        "n": "全境封锁2"
                    },
                    {
                        "v": "live_6_326",
                        "n": "骑马与砍杀"
                    },
                    {
                        "v": "live_6_270",
                        "n": "人类一败涂地"
                    },
                    {
                        "v": "live_6_273",
                        "n": "无主之地3"
                    },
                    {
                        "v": "live_6_220",
                        "n": "辐射76"
                    },
                    {
                        "v": "live_6_257",
                        "n": "全面战争"
                    },
                    {
                        "v": "live_6_583",
                        "n": "文字游戏"
                    },
                    {
                        "v": "live_6_592",
                        "n": "恋爱模拟游戏"
                    },
                    {
                        "v": "live_6_593",
                        "n": "泰拉瑞亚"
                    },
                    {
                        "v": "live_6_678",
                        "n": "游戏速通"
                    },
                    {
                        "v": "live_6_753",
                        "n": "Roblox"
                    },
                    {
                        "v": "live_6_803",
                        "n": "雀魂麻将"
                    },
                    {
                        "v": "live_6_235",
                        "n": "其他单机"
                    }
                ],
                "key": "live_6_0"
            },
            {
                "name": "娱乐",
                "value": [
                    {
                        "v": "live_1_740",
                        "n": "聊天室"
                    },
                    {
                        "v": "live_1_21",
                        "n": "视频唱见"
                    },
                    {
                        "v": "live_1_530",
                        "n": "萌宅领域"
                    },
                    {
                        "v": "live_1_145",
                        "n": "视频聊天"
                    },
                    {
                        "v": "live_1_207",
                        "n": "舞见"
                    }
                ],
                "key": "live_1_0"
            },
            {
                "name": "电台",
                "value": [
                    {
                        "v": "live_5_190",
                        "n": "唱见电台"
                    },
                    {
                        "v": "live_5_192",
                        "n": "聊天电台"
                    },
                    {
                        "v": "live_5_817",
                        "n": "甜宠电台"
                    }
                ],
                "key": "live_5_0"
            },
            {
                "name": "虚拟主播",
                "value": [
                    {
                        "v": "live_9_743",
                        "n": "TopStar"
                    },
                    {
                        "v": "live_9_744",
                        "n": "虚拟Singer"
                    },
                    {
                        "v": "live_9_745",
                        "n": "虚拟Gamer"
                    },
                    {
                        "v": "live_9_746",
                        "n": "虚拟声优"
                    },
                    {
                        "v": "live_9_371",
                        "n": "虚拟日常"
                    },
                    {
                        "v": "live_9_789",
                        "n": "虚拟APEX"
                    },
                    {
                        "v": "live_9_775",
                        "n": "虚拟PK"
                    }
                ],
                "key": "live_9_0"
            },
            {
                "name": "生活",
                "value": [
                    {
                        "v": "live_10_646",
                        "n": "生活分享"
                    },
                    {
                        "v": "live_10_825",
                        "n": "聊天交友"
                    },
                    {
                        "v": "live_10_627",
                        "n": "手工绘画"
                    },
                    {
                        "v": "live_10_623",
                        "n": "情感"
                    },
                    {
                        "v": "live_10_368",
                        "n": "户外"
                    },
                    {
                        "v": "live_10_369",
                        "n": "萌宠"
                    },
                    {
                        "v": "live_10_628",
                        "n": "运动"
                    },
                    {
                        "v": "live_10_367",
                        "n": "美食"
                    },
                    {
                        "v": "live_10_378",
                        "n": "时尚"
                    },
                    {
                        "v": "live_10_624",
                        "n": "电子榨菜"
                    },
                    {
                        "v": "live_10_827",
                        "n": "沉浸体验"
                    }
                ],
                "key": "live_10_0"
            },
            {
                "name": "知识",
                "value": [
                    {
                        "v": "live_11_376",
                        "n": "社科法律心理"
                    },
                    {
                        "v": "live_11_702",
                        "n": "人文历史"
                    },
                    {
                        "v": "live_11_372",
                        "n": "校园学习"
                    },
                    {
                        "v": "live_11_377",
                        "n": "职场·技能"
                    },
                    {
                        "v": "live_11_375",
                        "n": "科技"
                    },
                    {
                        "v": "live_11_701",
                        "n": "科学科普"
                    }
                ],
                "key": "live_11_0"
            },
            {
                "name": "赛事",
                "value": [
                    {
                        "v": "live_13_561",
                        "n": "游戏赛事"
                    },
                    {
                        "v": "live_13_562",
                        "n": "体育赛事"
                    },
                    {
                        "v": "live_13_563",
                        "n": "赛事综合"
                    }
                ],
                "key": "live_13_0"
            },
            {
                "name": "帮我玩",
                "value": [
                    {
                        "v": "live_301_301000",
                        "n": "热门帮玩"
                    },
                    {
                        "v": "live_301_301002",
                        "n": "手游帮玩"
                    },
                    {
                        "v": "live_301_301003",
                        "n": "网游帮玩"
                    },
                    {
                        "v": "live_301_301004",
                        "n": "单机帮玩"
                    }
                ],
                "key": "live_301_0"
            },
            {
                "name": "互动玩法",
                "value": [
                    {
                        "v": "live_15_814",
                        "n": "兵临城下"
                    },
                    {
                        "v": "live_15_815",
                        "n": "竞技玩法"
                    },
                    {
                        "v": "live_15_816",
                        "n": "休闲玩法"
                    }
                ],
                "key": "live_15_0"
            },
            {
                "name": "购物",
                "value": [
                    {
                        "v": "live_300_300000",
                        "n": "购物"
                    }
                ],
                "key": "live_300_0"
            }
        ],
        "games_0": [
            {
                "key": "gid",
                "name": "游戏",
                "value": [
                    {
                        "v": "games_2",
                        "n": "英雄联盟"
                    },
                    {
                        "v": "games_3",
                        "n": "王者荣耀"
                    },
                    {
                        "v": "games_4",
                        "n": "DOTA2"
                    },
                    {
                        "v": "games_5",
                        "n": "绝地求生"
                    },
                    {
                        "v": "games_6",
                        "n": "炉石传说"
                    },
                    {
                        "v": "games_7",
                        "n": "CSGO"
                    },
                    {
                        "v": "games_8",
                        "n": "星际争霸2"
                    },
                    {
                        "v": "games_9",
                        "n": "守望先锋"
                    },
                    {
                        "v": "games_11",
                        "n": "地下城与勇士"
                    },
                    {
                        "v": "games_12",
                        "n": "魔兽争霸3"
                    },
                    {
                        "v": "games_13",
                        "n": "剑网3"
                    },
                    {
                        "v": "games_14",
                        "n": "穿越火线"
                    },
                    {
                        "v": "games_17",
                        "n": "FIFAOL"
                    },
                    {
                        "v": "games_19",
                        "n": "决战！平安京"
                    },
                    {
                        "v": "games_21",
                        "n": "崩坏3"
                    },
                    {
                        "v": "games_22",
                        "n": "第五人格"
                    },
                    {
                        "v": "games_23",
                        "n": "三国杀"
                    },
                    {
                        "v": "games_24",
                        "n": "和平精英"
                    },
                    {
                        "v": "games_27",
                        "n": "使命召唤手游"
                    },
                    {
                        "v": "games_28",
                        "n": "英雄联盟手游"
                    },
                    {
                        "v": "games_29",
                        "n": "永劫无间"
                    },
                    {
                        "v": "games_30",
                        "n": "穿越火线HD"
                    },
                    {
                        "v": "games_32",
                        "n": "原神"
                    },
                    {
                        "v": "games_34",
                        "n": "王者荣耀国际版"
                    },
                    {
                        "v": "games_38",
                        "n": "QQ飞车手游"
                    },
                    {
                        "v": "games_39",
                        "n": "APEX英雄"
                    },
                    {
                        "v": "games_40",
                        "n": "帝国时代4"
                    },
                    {
                        "v": "games_41",
                        "n": "野狐围棋"
                    },
                    {
                        "v": "games_43",
                        "n": "全面战争：战锤3"
                    },
                    {
                        "v": "games_46",
                        "n": "综合赛事"
                    },
                    {
                        "v": "games_48",
                        "n": "无畏契约"
                    },
                    {
                        "v": "games_50",
                        "n": "明日方舟"
                    },
                    {
                        "v": "games_52",
                        "n": "第十一届国际华语辩论邀请赛"
                    },
                    {
                        "v": "games_54",
                        "n": "使命召唤：战区"
                    },
                    {
                        "v": "games_55",
                        "n": "金铲铲之战"
                    },
                    {
                        "v": "games_56",
                        "n": "街霸6"
                    }
                ]
            },
            {
                "key": "time",
                "name": "时间",
                "value": [
                    {
                        "n": "近3天赛事",
                        "v": "3"
                    },
                    {
                        "n": "近7天赛事",
                        "v": "7"
                    },
                    {
                        "n": "近14天赛事",
                        "v": "14"
                    },
                    {
                        "n": "近30天赛事",
                        "v": "30"
                    }
                ]
            }
        ]
    }
}