{
    "SiteUrl": "https://www.hmxz.org",
    "Classes": [
        {
            "type_name": "电影",
            "type_id": "1"
        },
        {
            "type_name": "剧集",
            "type_id": "2"
        },
        {
            "type_name": "综艺",
            "type_id": "5"
        },
        {
            "type_name": "动漫",
            "type_id": "3"
        }
    ],
    "Cookie": "bbs_sid=nll6gb39qj1e4fgkvsjh930ti5; _xn_accesscount_visited=1; __51uvsct__K2MEuBiiS0iv1Gsb=1; __51vcke__K2MEuBiiS0iv1Gsb=df02f20c-b83d-507b-b310-c3f8ab36a87a; __51vuft__K2MEuBiiS0iv1Gsb=1745249876903; bbs_token=rhHYDxTHFdsKEOsD84q8NBkSi6aTY8KlfnqpjudmsOxKBcJe; __vtins__K2MEuBiiS0iv1Gsb=%7B%22sid%22%3A%20%2299dcbd93-0d23-5a24-abb5-ec507c6c248a%22%2C%20%22vd%22%3A%2017%2C%20%22stt%22%3A%20464771%2C%20%22dr%22%3A%201425%2C%20%22expires%22%3A%201745251199999%2C%20%22ct%22%3A%201745250341665%7D"
}