{
    "规则名": "百思派电影网",
    "请求头参数": "手机",
    "网页编码格式": "UTF-8",
    "图片是否需要代理": "0",
    "是否开启获取首页数据": "1",
    "首页推荐链接": "https://www.bestpipe.cn",
    "首页列表数组规则": "body&&.stui-vodlist",
    "首页片单列表数组规则": "li",
    "首页片单是否Jsoup写法": "1",
    "分类起始页码": "1",
    "分类链接": "https://www.bestpipe.cn/vodshow/{cateId}-{area}-{by}-{class}-{lang}----{catePg}---{year}.html",
    "分类名称": "电影&剧集&短剧&动漫&综艺",
    "分类名称替换词": "20&21&24&22&23",
    "筛选数据": "ext",
    "筛选类型名称": "Netflix&剧情&科幻&动作&喜剧&爱情&冒险&儿童&歌舞&音乐&奇幻&动画&恐怖&惊悚&战争&传记&纪录&犯罪&悬疑&西部&灾难&古装&武侠&家庭&短片&校园&文艺&运动&青春&同性&励志&历史||Netflix&欧美&短剧&古装&武侠&励志&家庭&剧情&喜剧&战争&科幻&惊悚&恐怖&悬疑&犯罪&动作&冒险&历史&同性||古代&现代&穿越&玄幻&霸总&英雄救美&未婚妻&师姐&绝美&逆袭&美女&爱情&甜宠&虐恋&爽剧&搞笑&情感&动漫&萌宝&都市&言情&重生&乡村&神医&幻想&反转&复仇&修仙&古装&男频||Netflix&热血&科幻&美少女&魔幻&经典&励志&少儿&冒险&搞笑&推理&恋爱&治愈&幻想&校园&动物&机战&亲子&儿歌&运动&悬疑&怪物&战争&益智&青春&童话&竞技&动作&社会&友情&真人版&电影版&OVA版&TV版&新番动画&完结动画||Netflix&脱口秀&真人秀&选秀&八卦&访谈&情感&生活&晚会&搞笑&音乐&时尚&游戏&少儿&体育&纪实&科教&曲艺&歌舞&财经&汽车&播报&其他",
    "筛选类型替换词": "*",
    "筛选地区名称": "大陆&香港&台湾&美国&日本&韩国&英国&法国&德国&印度&泰国&丹麦&瑞典&巴西&加拿大&俄罗斯&意大利&比利时&爱尔兰&西班牙&澳大利亚&其它||大陆&香港&韩国&美国&日本&法国&英国&德国&台湾&泰国&印度&其他||大陆&香港&韩国&美国&日本&法国&英国&德国&台湾&泰国&印度&其他||大陆&日本&欧美&其他||大陆&韩国&香港&台湾&美国&其它",
    "筛选地区替换词": "*",
    "筛选语言名称": "英语&法语&国语&粤语&日语&韩语&泰语&德语&俄语&闽南语&丹麦语&波兰语&瑞典语&印地语&挪威语&意大利语&西班牙语||空||空||国语&英语&粤语&闽南语&韩语&日语&其它||国语&英语&粤语&闽南语&韩语&日语&其它",
    "筛选语言替换词": "*",
    "详情是否Jsoup写法": "是",
    "类型详情": ".stui-content__detail&&.data,1&&Text!状态：",
    "年代详情": ".stui-content__detail&&.data,4&&Text!年份：",
    "地区详情": ".stui-content__detail&&.data,2&&Text!地区：",
    "演员详情": ".stui-content__detail&&.data,6&&Text!主演：",
    "简介详情": ".stui-content__detail&&.detail-content&&Text",
    "分类截取模式": "1",
    "分类列表数组规则": "body&&.stui-vodlist__box",
    "分类片单是否Jsoup写法": "1",
    "分类片单标题": "a&&title",
    "分类片单链接": "a&&href",
    "分类片单图片": ".stui-vodlist__thumb&&data-original",
    "分类片单副标题": ".pic-text&&Text",
    "分类片单链接加前缀": "https://www.bestpipe.cn",
    "搜索请求头参数": "User-Agent$手机",
    "搜索链接": "https://www.bestpipe.cn/vodsearch/{wd}----------1---.html",
    "搜索截取模式": "1",
    "搜索列表数组规则": "body&&.stui-vodlist__box",
    "搜索片单是否Jsoup写法": "1",
    "搜索片单标题": "a&&title",
    "搜索片单链接": "a&&href",
    "搜索片单图片": ".stui-vodlist__thumb&&data-original",
    "搜索片单副标题": ".pic-text&&Text",
    "搜索片单链接加前缀": "https://www.bestpipe.cn",
    "线路列表数组规则": "body&&.nav-tabs&&a",
    "线路标题": "Text",
    "播放列表数组规则": "body&&.stui-content__playlist",
    "选集列表数组规则": "a",
    "选集标题链接是否Jsoup写法": "1",
    "选集标题": "a&&Text",
    "选集链接": "a&&href",
    "是否反转选集序列": "0",
    "选集链接加前缀": "https://www.bestpipe.cn",
    "选集链接加后缀": "",
    "分析MacPlayer": "2",
    "是否开启手动嗅探": "0",
    "手动嗅探视频链接关键词": ".mp4#.m3u8#.flv#video/tos",
    "手动嗅探视频链接过滤词": ".html#=http"
}